"","pathway","pval","padj","ES","NES","nMoreExtreme","size","leadingEdge"
"1","Cholesterol biosynthesis Homo sapiens R-HSA-191273",2.82136336338757e-05,0.0147203974507312,0.849147432644497,1.96051610694677,27,19,"MSMO1;HMGCS1;SQLE;FDFT1;FDPS;IDI1;HMGCR;MVK;MVD;HSD17B7"
"2","AUF1 (hnRNP D0) binds and destabilizes mRNA Homo sapiens R-HSA-450408",3.00008100218706e-05,0.0147203974507312,0.698504721089709,1.74794848797171,29,50,"HSPA1A;UBA52;PSMB3;HSPA8;PSMB8;PSMA7;PSMB2;PSMB6;PSMA3;PSMB10;PSMA4;PSMD4;PSMB5;PSMB1;PSME2;PABPC1;PSMA2;HNRNPD;UBB;PSMB4;PSMB9;PSMA6;PSMB7;PSMC3;PSME1;PSMD13;EIF4G1;PSMC4;PSMD5;PSMD8;PSMD3;UBC"
"3","HSF1 activation Homo sapiens R-HSA-3371511",0.00222373377982419,0.0257743001881985,0.733887463057926,1.703859838476,2209,20,"HSPA1A;HSPA1B;EEF1A1;PTGES3;UBB;VCP;FKBP4;DNAJB1;MRPL18;HSPH1"
"4","Autodegradation of the E3 ubiquitin ligase COP1 Homo sapiens R-HSA-349425",0.000292014892759531,0.0153167414400153,0.674564943531985,1.67888344798185,291,46,"UBA52;PSMB3;PSMB8;PSMA7;PSMB2;PSMB6;PSMA3;PSMB10;PSMA4;PSMD4;PSMB5;PSMB1;PSME2;PSMA2;UBB;PSMB4;PSMB9;PSMA6;PSMB7;PSMC3;PSME1;PSMD13;PSMC4;PSMD5;PSMD8;PSMD3;UBC"
"5","CDK-mediated phosphorylation and removal of Cdc6 Homo sapiens R-HSA-69017",0.000292014892759531,0.0153167414400153,0.674544120635212,1.67883162314709,291,46,"UBA52;PSMB3;PSMB8;PSMA7;PSMB2;PSMB6;PSMA3;PSMB10;PSMA4;PSMD4;PSMB5;PSMB1;PSME2;PSMA2;UBB;PSMB4;PSMB9;PSMA6;PSMB7;PSMC3;PSME1;PSMD13;PSMC4;PSMD5;PSMD8;PSMD3;UBC"
"6","p53-Independent DNA Damage Response Homo sapiens R-HSA-69610",0.000263011835532599,0.0153167414400153,0.673534445761841,1.67870222845487,262,47,"UBA52;PSMB3;PSMB8;PSMA7;PSMB2;PSMB6;PSMA3;PSMB10;PSMA4;PSMD4;PSMB5;PSMB1;PSME2;PSMA2;UBB;PSMB4;PSMB9;PSMA6;PSMB7;PSMC3;PSME1;PSMD13;PSMC4;PSMD5;PSMD8;PSMD3;UBC"
"7","p53-Independent G1/S DNA damage checkpoint Homo sapiens R-HSA-69613",0.000263011835532599,0.0153167414400153,0.673534445761841,1.67870222845487,262,47,"UBA52;PSMB3;PSMB8;PSMA7;PSMB2;PSMB6;PSMA3;PSMB10;PSMA4;PSMD4;PSMB5;PSMB1;PSME2;PSMA2;UBB;PSMB4;PSMB9;PSMA6;PSMB7;PSMC3;PSME1;PSMD13;PSMC4;PSMD5;PSMD8;PSMD3;UBC"
"8","Ubiquitin Mediated Degradation of Phosphorylated Cdc25A Homo sapiens R-HSA-69601",0.000263011835532599,0.0153167414400153,0.673534445761841,1.67870222845487,262,47,"UBA52;PSMB3;PSMB8;PSMA7;PSMB2;PSMB6;PSMA3;PSMB10;PSMA4;PSMD4;PSMB5;PSMB1;PSME2;PSMA2;UBB;PSMB4;PSMB9;PSMA6;PSMB7;PSMC3;PSME1;PSMD13;PSMC4;PSMD5;PSMD8;PSMD3;UBC"
"9","Vif-mediated degradation of APOBEC3G Homo sapiens R-HSA-180585",0.000291013095589302,0.0153167414400153,0.671836457069319,1.67447019931372,290,47,"UBA52;PSMB3;PSMB8;PSMA7;PSMB2;PSMB6;PSMA3;PSMB10;PSMA4;PSMD4;PSMB5;PSMB1;PSME2;PSMA2;RBX1;UBB;PSMB4;PSMB9;PSMA6;PSMB7;PSMC3;PSME1;PSMD13;PSMC4;PSMD5;PSMD8;PSMD3;UBC"
"10","Vpu mediated degradation of CD4 Homo sapiens R-HSA-180534",0.000330016830858374,0.0153167414400153,0.672351455977376,1.67337443413021,329,46,"UBA52;PSMB3;PSMB8;PSMA7;PSMB2;PSMB6;PSMA3;PSMB10;PSMA4;PSMD4;PSMB5;PSMB1;PSME2;PSMA2;UBB;PSMB4;PSMB9;PSMA6;PSMB7;PSMC3;PSME1;PSMD13;PSMC4;PSMD5;PSMD8;PSMD3;UBC"
"11","Regulation of activated PAK-2p34 by proteasome mediated degradation Homo sapiens R-HSA-211733",0.000376019176978026,0.0153167414400153,0.670057482492321,1.66766510376685,375,46,"UBA52;PSMB3;PSMB8;PSMA7;PSMB2;PSMB6;PSMA3;PSMB10;PSMA4;PSMD4;PSMB5;PSMB1;PSME2;PSMA2;UBB;PSMB4;PSMB9;PSMA6;PSMB7;PSMC3;PSME1;PSMD13;PSMC4;PSMD5;PSMD8;PSMD3;UBC"
"12","Regulation of Apoptosis Homo sapiens R-HSA-169911",0.000376019176978026,0.0153167414400153,0.670057482492321,1.66766510376685,375,46,"UBA52;PSMB3;PSMB8;PSMA7;PSMB2;PSMB6;PSMA3;PSMB10;PSMA4;PSMD4;PSMB5;PSMB1;PSME2;PSMA2;UBB;PSMB4;PSMB9;PSMA6;PSMB7;PSMC3;PSME1;PSMD13;PSMC4;PSMD5;PSMD8;PSMD3;UBC"
"13","Activation of gene expression by SREBF (SREBP) Homo sapiens R-HSA-2426168",0.0011903999743914,0.0184449343400435,0.682447527238674,1.6655246338347,1189,35,"HMGCS1;SQLE;FDFT1;FDPS;IDI1;HMGCR;MVK;MVD"
"14","Attenuation phase Homo sapiens R-HSA-3371568",0.00298427628524716,0.030935596421717,0.725252182295175,1.66456228876167,2956,18,"HSPA1A;HSPA8;HSPA1B;PTGES3;UBB;EP300;FKBP4;DNAJB1;MRPL18;HSPH1"
"15","Degradation of DVL Homo sapiens R-HSA-4641258",0.000263007101191732,0.0153167414400153,0.664791140095608,1.66358312701779,262,50,"UBA52;PSMB3;PSMB8;PSMA7;PSMB2;PSMB6;PSMA3;PSMB10;PSMA4;PSMD4;PSMB5;PSMB1;PSME2;PSMA2;RBX1;UBB;PSMB4;PSMB9;PSMA6;PSMB7;PSMC3;PSME1;PSMD13;PSMC4;PSMD5;PSMD8;PSMD3;UBC"
"16","Defects in cobalamin (B12) metabolism Homo sapiens R-HSA-3296469",0.00406451691052667,0.0404254654884815,0.83679584300292,1.65998427350085,3690,7,"AMN;CD320"
"17","Ubiquitin-dependent degradation of Cyclin D1 Homo sapiens R-HSA-69229",0.000429019305868764,0.0154028394692395,0.663784338536171,1.65440127869588,428,47,"UBA52;PSMB3;PSMB8;PSMA7;PSMB2;PSMB6;PSMA3;PSMB10;PSMA4;PSMD4;PSMB5;PSMB1;PSME2;PSMA2;UBB;PSMB4;PSMB9;PSMA6;PSMB7;PSMC3;PSME1;PSMD13;PSMC4;PSMD5;PSMD8;PSMD3;UBC"
"18","Ubiquitin-dependent degradation of Cyclin D Homo sapiens R-HSA-75815",0.000429019305868764,0.0154028394692395,0.663784338536171,1.65440127869588,428,47,"UBA52;PSMB3;PSMB8;PSMA7;PSMB2;PSMB6;PSMA3;PSMB10;PSMA4;PSMD4;PSMB5;PSMB1;PSME2;PSMA2;UBB;PSMB4;PSMB9;PSMA6;PSMB7;PSMC3;PSME1;PSMD13;PSMC4;PSMD5;PSMD8;PSMD3;UBC"
"19","Cross-presentation of soluble exogenous antigens (endosomes) Homo sapiens R-HSA-1236978",0.000719066873219209,0.017067277377798,0.668612435712808,1.65374644940941,718,42,"PSMB3;PSMB8;PSMA7;PSMB2;PSMB6;PSMA3;PSMB10;PSMA4;PSMD4;PSMB5;PSMB1;PSME2;PSMA2;PSMB4;PSMB9;PSMA6;PSMB7;PSMC3;PSME1;PSMD13;PSMC4;PSMD5;PSMD8;PSMD3"
"20","Asymmetric localization of PCP proteins Homo sapiens R-HSA-4608870",0.000230003450051751,0.0153167414400153,0.656638722172502,1.65119473475307,229,54,"UBA52;PSMB3;PSMB8;PSMA7;PSMB2;PSMB6;PSMA3;PSMB10;PSMA4;PSMD4;PSMB5;PSMB1;PSME2;PSMA2;FZD5;UBB;PSMB4;PSMB9;PSMA6;PSMB7;PSMC3;PSME1;PSMD13;PSMC4;PSMD5;FZD1;PSMD8;PSMD3;UBC"
"21","Stabilization of p53 Homo sapiens R-HSA-69541",0.000415017015697644,0.0154028394692395,0.661411481983702,1.65076540847369,414,48,"UBA52;PSMB3;PSMB8;PSMA7;PSMB2;PSMB6;PSMA3;PSMB10;PSMA4;PSMD4;PSMB5;PSMB1;PSME2;PSMA2;UBB;PSMB4;PSMB9;PSMA6;PSMB7;PSMC3;PSME1;PSMD13;PSMC4;PSMD5;PSMD8;PSMD3;UBC"
"22","Regulation of ornithine decarboxylase (ODC) Homo sapiens R-HSA-350562",0.000486021870984194,0.0161923886173268,0.661438968228326,1.64855573005749,485,47,"PSMB3;PSMB8;PSMA7;PSMB2;ODC1;PSMB6;PSMA3;PSMB10;PSMA4;PSMD4;PSMB5;PSMB1;PSME2;PSMA2;NQO1;PSMB4;PSMB9;PSMA6;PSMB7;OAZ1;PSMC3;PSME1;PSMD13;PSMC4;PSMD5;PSMD8;PSMD3"
"23","Hh mutants that don't undergo autocatalytic processing are degraded by ERAD Homo sapiens R-HSA-5362768",0.000346008304199301,0.0153167414400153,0.657008862763032,1.64618846569542,345,51,"UBA52;PSMB3;PSMB8;PSMA7;PSMB2;PSMB6;PSMA3;PSMB10;PSMA4;PSMD4;PSMB5;PSMB1;PSME2;PSMA2;UBB;PSMB4;PSMB9;PSMA6;PSMB7;VCP;PSMC3;PSME1;PSMD13;PSMC4;PSMD5;PSMD8;PSMD3;OS9;UBC"
"24","NIK-->noncanonical NF-kB signaling Homo sapiens R-HSA-5676590",0.000303003636043633,0.0153167414400153,0.654409615175742,1.64363287161474,302,53,"UBA52;PSMB3;PSMB8;PSMA7;PSMB2;PSMB6;PSMA3;PSMB10;PSMA4;PSMD4;PSMB5;PSMB1;UBE2M;PSME2;PSMA2;RELB;UBB;PSMB4;PSMB9;PSMA6;PSMB7;PSMC3;PSME1;PSMD13;UBA3;PSMC4;PSMD5;PSMD8;PSMD3;UBC"
"25","Hh mutants abrogate ligand secretion Homo sapiens R-HSA-5387390",0.000346005882099996,0.0153167414400153,0.654719661951579,1.64250011847648,345,52,"UBA52;PSMB3;PSMB8;PSMA7;PSMB2;PSMB6;PSMA3;PSMB10;PSMA4;PSMD4;PSMB5;PSMB1;PSME2;PSMA2;UBB;PSMB4;PSMB9;PSMA6;PSMB7;VCP;PSMC3;PSME1;PSMD13;PSMC4;PSMD5;PSMD8;PSMD3;OS9;UBC;IHH"
"26","SCF-beta-TrCP mediated degradation of Emi1 Homo sapiens R-HSA-174113",0.000508020828853983,0.0161923886173268,0.657663271831612,1.64141054265823,507,48,"UBA52;PSMB3;PSMB8;PSMA7;PSMB2;PSMB6;PSMA3;PSMB10;PSMA4;PSMD4;PSMB5;PSMB1;PSME2;PSMA2;UBB;PSMB4;PSMB9;PSMA6;PSMB7;PSMC3;PSME1;PSMD13;PSMC4;PSMD5;PSMD8;PSMD3;UBC"
"27","Hedgehog ligand biogenesis Homo sapiens R-HSA-5358346",0.000333004995074926,0.0153167414400153,0.649541992395851,1.63334917912942,332,54,"UBA52;PSMB3;PSMB8;PSMA7;PSMB2;PSMB6;PSMA3;PSMB10;PSMA4;PSMD4;PSMB5;PSMB1;PSME2;PSMA2;UBB;PSMB4;PSMB9;PSMA6;PSMB7;VCP;PSMC3;PSME1;ADAM17;PSMD13;PSMC4;PSMD5;PSMD8;PSMD3;OS9;UBC;IHH"
"28","Dectin-1 mediated noncanonical NF-kB signaling Homo sapiens R-HSA-5607761",0.000339005085076276,0.0153167414400153,0.649031186482775,1.63206469802029,338,54,"UBA52;PSMB3;PSMB8;PSMA7;PSMB2;PSMB6;PSMA3;PSMB10;PSMA4;PSMD4;PSMB5;PSMB1;UBE2M;PSME2;PSMA2;RELB;UBB;PSMB4;PSMB9;PSMA6;PSMB7;PSMC3;PSME1;PSMD13;UBA3;PSMC4;PSMD5;PSMD8;PSMD3;UBC"
"29","The role of GTSE1 in G2/M progression after G2 checkpoint Homo sapiens R-HSA-8852276",0.000505012120290887,0.0161923886173268,0.648810280682892,1.62564625991965,504,51,"UBA52;PSMB3;PSMB8;PSMA7;PSMB2;PSMB6;PSMA3;PSMB10;PSMA4;PSMD4;PSMB5;PSMB1;PSME2;PSMA2;UBB;PSMB4;PSMB9;PSMA6;PSMB7;PSMC3;PSME1;PSMD13;PSMC4;PSMD5;PSMD8;PSMD3;UBC"
"30","ER-Phagosome pathway Homo sapiens R-HSA-1236974",0.0003690036900369,0.0153167414400153,0.645333752502908,1.62454013136637,368,55,"UBA52;PSMB3;PSMB8;PSMA7;PSMB2;PSMB6;PSMA3;PSMB10;PSMA4;PSMD4;SEC61G;PSMB5;PSMB1;PSME2;PSMA2;UBB;PSMB4;PSMB9;PSMA6;PSMB7;PSMC3;PSME1;SEC61B;PSMD13;PSMC4;PSMD5;B2M;PSMD8;PSMD3;UBC"
"31","Degradation of AXIN Homo sapiens R-HSA-4641257",0.000517012408297799,0.0161923886173268,0.648303479318249,1.62437642840267,516,51,"UBA52;PSMB3;PSMB8;PSMA7;PSMB2;PSMB6;PSMA3;PSMB10;PSMA4;PSMD4;PSMB5;PSMB1;PSME2;PSMA2;UBB;PSMB4;PSMB9;AXIN1;PSMA6;PSMB7;PSMC3;PSME1;PSMD13;PSMC4;PSMD5;TNKS2;PSMD8;PSMD3;UBC"
"32","Antigen processing-Cross presentation Homo sapiens R-HSA-1236975",0.000173,0.0153167414400153,0.640480398358377,1.62399652358496,172,62,"UBA52;PSMB3;PSMB8;PSMA7;CYBA;PSMB2;PSMB6;PSMA3;PSMB10;PSMA4;PSMD4;SEC61G;PSMB5;PSMB1;PSME2;PSMA2;LNPEP;UBB;PSMB4;PSMB9;PSMA6;PSMB7;PSMC3;PSME1;SEC61B;PSMD13;PSMC4;PSMD5;B2M;PSMD8;PSMD3;UBC"
"33","SCF(Skp2)-mediated degradation of p27/p21 Homo sapiens R-HSA-187577",0.000652017604475321,0.017067277377798,0.646075700677377,1.61674933614263,651,50,"UBA52;PSMB3;PSMB8;PSMA7;PSMB2;PSMB6;PSMA3;PSMB10;PSMA4;PSMD4;PSMB5;PSMB1;PSME2;PSMA2;UBB;PSMB4;PSMB9;PSMA6;PSMB7;PSMC3;PSME1;PSMD13;PSMC4;PSMD5;PSMD8;PSMD3;UBC"
"34","p53-Dependent G1/S DNA damage checkpoint Homo sapiens R-HSA-69580",0.00061201468835252,0.01699784191047,0.645207406272276,1.6166189687608,611,51,"UBA52;PSMB3;PSMB8;PSMA7;PSMB2;PSMB6;PSMA3;PSMB10;PSMA4;PSMD4;PSMB5;PSMB1;PSME2;PSMA2;UBB;PSMB4;PSMB9;PSMA6;PSMB7;PSMC3;PSME1;PSMD13;PSMC4;PSMD5;PSMD8;PSMD3;UBC"
"35","p53-Dependent G1 DNA Damage Response Homo sapiens R-HSA-69563",0.00061201468835252,0.01699784191047,0.645207406272276,1.6166189687608,611,51,"UBA52;PSMB3;PSMB8;PSMA7;PSMB2;PSMB6;PSMA3;PSMB10;PSMA4;PSMD4;PSMB5;PSMB1;PSME2;PSMA2;UBB;PSMB4;PSMB9;PSMA6;PSMB7;PSMC3;PSME1;PSMD13;PSMC4;PSMD5;PSMD8;PSMD3;UBC"
"36","G1/S DNA Damage Checkpoints Homo sapiens R-HSA-69615",0.000550009350158953,0.0168669534048746,0.644243341136429,1.61621809400086,549,52,"UBA52;PSMB3;PSMB8;PSMA7;PSMB2;PSMB6;PSMA3;PSMB10;PSMA4;PSMD4;PSMB5;PSMB1;PSME2;PSMA2;UBB;PSMB4;PSMB9;PSMA6;PSMB7;PSMC3;PSME1;PSMD13;PSMC4;PSMD5;PSMD8;PSMD3;UBC"
"37","CDT1 association with the CDC6:ORC:origin complex Homo sapiens R-HSA-68827",0.000677011509195656,0.017067277377798,0.640031827606225,1.60565263847184,676,52,"UBA52;PSMB3;PSMB8;PSMA7;PSMB2;PSMB6;PSMA3;PSMB10;PSMA4;PSMD4;PSMB5;PSMB1;PSME2;PSMA2;UBB;PSMB4;PSMB9;PSMA6;PSMB7;PSMC3;PSME1;PSMD13;PSMC4;PSMD5;PSMD8;PSMD3;UBC"
"38","GLI3 is processed to GLI3R by the proteasome Homo sapiens R-HSA-5610785",0.000711012087205483,0.017067277377798,0.639022001269725,1.60311927957989,710,52,"UBA52;PSMB3;PSMB8;PSMA7;PSMB2;PSMB6;PSMA3;PSMB10;PSMA4;PSMD4;PSMB5;PSMB1;PSME2;PSMA2;RBX1;UBB;PSMB4;PSMB9;PSMA6;PSMB7;PSMC3;PSME1;PSMD13;PSMC4;PSMD5;PSMD8;PSMD3;UBC"
"39","Degradation of GLI2 by the proteasome Homo sapiens R-HSA-5610783",0.000711012087205483,0.017067277377798,0.639022001269725,1.60311927957989,710,52,"UBA52;PSMB3;PSMB8;PSMA7;PSMB2;PSMB6;PSMA3;PSMB10;PSMA4;PSMD4;PSMB5;PSMB1;PSME2;PSMA2;RBX1;UBB;PSMB4;PSMB9;PSMA6;PSMB7;PSMC3;PSME1;PSMD13;PSMC4;PSMD5;PSMD8;PSMD3;UBC"
"40","Regulation of mRNA stability by proteins that bind AU-rich elements Homo sapiens R-HSA-450531",6.4999935000065e-05,0.0153167414400153,0.623501711140442,1.60119778716627,64,78,"HSPA1A;UBA52;PSMB3;HSPA8;PSMB8;PSMA7;PSMB2;PSMB6;PSMA3;PSMB10;PSMA4;PSMD4;PSMB5;PSMB1;PSME2;PABPC1;PSMA2;EXOSC7;HNRNPD;ZFP36;ZFP36L1;UBB;PSMB4;PSMB9;PSMA6;PRKCD;SET;PSMB7;TNPO1;PSMC3;PSME1;PSMD13;EIF4G1;PSMC4;PSMD5;PSMD8;PSMD3;UBC"
"41","Degradation of GLI1 by the proteasome Homo sapiens R-HSA-5610780",0.00084401434824392,0.017067277377798,0.63531802433228,1.59382708490155,843,52,"UBA52;PSMB3;PSMB8;PSMA7;PSMB2;PSMB6;PSMA3;PSMB10;PSMA4;PSMD4;PSMB5;PSMB1;PSME2;PSMA2;RBX1;UBB;PSMB4;PSMB9;PSMA6;PSMB7;PSMC3;PSME1;PSMD13;PSMC4;PSMD5;PSMD8;PSMD3;UBC"
"42","PCP/CE pathway Homo sapiens R-HSA-4086400",0.000222999777000223,0.0153167414400153,0.618409630787439,1.58004184052552,222,71,"UBA52;PSMB3;PSMB8;PSMA7;PSMB2;AP2S1;PSMB6;PSMA3;PSMB10;PSMA4;PSMD4;PSMB5;PFN1;PSMB1;PSME2;PSMA2;FZD5;UBB;PSMB4;PSMB9;PSMA6;PSMB7;RAC1;PSMC3;PSME1;PSMD13;PSMC4;PSMD5;FZD1;PSMD8;PSMD3;UBC"
"43","TNFR2 non-canonical NF-kB pathway Homo sapiens R-HSA-5668541",0.000591001182002364,0.01699784191047,0.62335074704345,1.57750672172184,590,60,"UBA52;PSMB3;PSMB8;PSMA7;PSMB2;PSMB6;PSMA3;PSMB10;PSMA4;PSMD4;PSMB5;PSMB1;UBE2M;PSME2;PSMA2;RELB;UBB;PSMB4;PSMB9;PSMA6;PSMB7;PSMC3;PSME1;PSMD13;UBA3;PSMC4;PSMD5;PSMD8;PSMD3;UBC"
"44","Metabolism of polyamines Homo sapiens R-HSA-351202",0.000498,0.0161923886173268,0.616530292833195,1.56753117705711,497,65,"PSMB3;PSMB8;PSMA7;PSMB2;ODC1;PSMB6;PSMA3;PSMB10;SAT1;PSMA4;PSMD4;PSMB5;PSMB1;PSME2;PSMA2;NQO1;PSMB4;PSMB9;PSMA6;PSMB7;SRM;OAZ1;PSMC3;PSME1;PSMD13;PSMC4;PSMD5;PSMD8;PSMD3"
"45","Cyclin E associated events during G1/S transition Homo sapiens R-HSA-69202",0.000858001716003432,0.017067277377798,0.617178012768271,1.56029369594443,857,59,"UBA52;PSMB3;PSMB8;PSMA7;PSMB2;PSMB6;PSMA3;PSMB10;PSMA4;PSMD4;PSMB5;PSMB1;PSME2;PSMA2;UBB;PSMB4;PSMB9;MYC;PSMA6;PSMB7;PSMC3;PSME1;PSMD13;PSMC4;PSMD5;PSMD8;PSMD3;UBC"
"46","Cyclin A:Cdk2-associated events at S phase entry Homo sapiens R-HSA-69656",0.000907001814003628,0.0174536968320175,0.616068194699795,1.5574879541648,906,59,"UBA52;PSMB3;PSMB8;PSMA7;PSMB2;PSMB6;PSMA3;PSMB10;PSMA4;PSMD4;PSMB5;PSMB1;PSME2;PSMA2;UBB;PSMB4;PSMB9;MYC;PSMA6;PSMB7;PSMC3;PSME1;PSMD13;PSMC4;PSMD5;PSMD8;PSMD3;UBC"
"47","Hedgehog 'on' state Homo sapiens R-HSA-5632684",0.000706000706000706,0.017067277377798,0.612796527417474,1.55525727232882,705,63,"UBA52;PSMB3;PSMB8;PSMA7;PSMB2;PSMB6;PSMA3;PSMB10;PSMA4;PSMD4;SPOP;PSMB5;PSMB1;PSME2;PSMA2;RBX1;UBB;PSMB4;PSMB9;ARRB1;PSMA6;PSMB7;PSMC3;PSME1;PSMD13;PSMC4;PSMD5;PSMD8;PSMD3;UBC;IHH"
"48","MAPK6/MAPK4 signaling Homo sapiens R-HSA-5687128",0.000403999596000404,0.0154028394692395,0.605123885133533,1.54853339759424,403,73,"UBA52;PSMB3;PSMB8;PSMA7;PSMB2;PSMB6;PSMA3;PSMB10;PSMA4;PSMD4;PSMB5;PSMB1;PSME2;PSMA2;UBB;PSMB4;PSMB9;CDC42EP3;MYC;PSMA6;PSMB7;TNRC6A;RAC1;PSMC3;CDC42EP5;PSME1;DNAJB1;FOXO1;PSMD13;PSMC4;PSMD5;PSMD8;PSMD3;PAK1;UBC;JUN"
"49","Activation of NF-kappaB in B cells Homo sapiens R-HSA-1169091",0.00114600229200458,0.0182120668943161,0.612632957647622,1.5471525683205,1145,58,"UBA52;PSMB3;PSMB8;PSMA7;PSMB2;PSMB6;PSMA3;PSMB10;PSMA4;PSMD4;PSMB5;PSMB1;PSME2;PSMA2;UBB;PSMB4;PSMB9;PSMA6;PSMB7;NFKB1;PSMC3;PSME1;PSMD13;PSMC4;PSMD5;PSMD8;PSMD3;UBC"
"50","Regulation of RAS by GAPs Homo sapiens R-HSA-5658442",0.00115500231000462,0.0182120668943161,0.612459956788428,1.5467156693253,1154,58,"UBA52;PSMB3;PSMB8;PSMA7;PSMB2;PSMB6;PSMA3;PSMB10;PSMA4;PSMD4;PSMB5;PSMB1;PSME2;PSMA2;RBX1;UBB;PSMB4;PSMB9;PSMA6;PSMB7;KRAS;PSMC3;PSME1;PSMD13;PSMC4;PSMD5;PSMD8;PSMD3;UBC"
"51","CLEC7A (Dectin-1) signaling Homo sapiens R-HSA-5607764",0.000237999762000238,0.0153167414400153,0.59772802276625,1.53893952816169,237,82,"UBA52;PSMB3;PSMB8;PSMA7;PYCARD;PSMB2;CALM1;PSMB6;PSMA3;PSMB10;PSMA4;PSMD4;PSMB5;PSMB1;UBE2M;PSME2;PSMA2;RELB;SRC;UBB;PSMB4;PSMB9;PSMA6;PRKCD;PSMB7;NFKB1;PSMC3;PPP3CA;PSME1;PSMD13;TAB2;UBA3;PSMC4;CDC34;PPP3R1;PSMD5;PSMD8;PSMD3;UBC"
"52","Regulation of cholesterol biosynthesis by SREBP (SREBF) Homo sapiens R-HSA-1655829",0.00281311533772885,0.0297906890441501,0.612622558243943,1.52899693329587,2812,48,"HMGCS1;SQLE;FDFT1;INSIG1;FDPS;IDI1;HMGCR;MVK;MVD;SCAP;RAN"
"53","Platelet degranulation Homo sapiens R-HSA-114608",0.00477517946932892,0.0462438432819222,0.622988399085281,1.52680979522137,4773,37,"CLU;CD63;TMSB4X;ACTN4;CALM1;QSOX1;PFN1;HSPA5;PPIA;BRPF3;SOD1;LGALS3BP;APP;APLP2;TUBA4A"
"54","Mitochondrial translation elongation Homo sapiens R-HSA-5389840",0.000356999643000357,0.0153167414400153,0.591132333519452,1.52195794705664,356,82,"MRPS12;AURKAIP1;MRPL54;MRPS24;GADD45GIP1;MRPL14;MRPL12;MRPS18B;MRPS34;MRPL55;MRPL51;MRPL17;MRPS16;MRPL42;MRPL22;MRPL20;MRPL34;MRPL35;MRPS14;MRPL30;MRPS18A;MRPS28;TUFM;MRPL41;MRPS26;MRPS35;MRPS17;MRPS33;MRPL2;MRPL28;MRPL9;MRPL43;MRPL11;MRPL18;MRPL13;MRPL21;MRPS25"
"55","Respiratory electron transport Homo sapiens R-HSA-611105",0.000274999725000275,0.0153167414400153,0.589256430624591,1.52075441520351,274,86,"NDUFS7;NDUFA3;NDUFB10;COX4I1;NDUFB9;COX14;NDUFB7;NDUFB11;NDUFA1;NDUFB5;NDUFC2;NDUFB8;NDUFA11;SDHD;NDUFA13;COX7C;COX5A;COX19;ETFB;NDUFAF3;NDUFS8;UQCR11;NDUFA8;SDHB;NDUFB6;COX6C;CYC1;NDUFV1;UQCRC1;ETFDH;NDUFS3;COX7A2L;NDUFS5;CYCS;NDUFV2;SDHA;COX5B;COX18;NDUFAB1"
"56","Mitochondrial translation termination Homo sapiens R-HSA-5419276",0.000384999615000385,0.0153167414400153,0.589959463437771,1.51893821891717,384,82,"MRPS12;AURKAIP1;MRPL54;MRPS24;GADD45GIP1;MRPL14;MRPL12;MRPS18B;MRPS34;MRPL55;MRPL51;MRPL17;MRPS16;MRPL42;MRPL22;MRPL20;MRPL34;MRPL35;MRPS14;MRPL30;MRPS18A;MRPS28;MRPL41;MRPS26;MRPS35;MRPS17;MRPS33;MRPL2;MRPL28;MRPL9;MRPL43;MRPL11;MRPL18;MRPL13;MRPL21;MRPS25"
"57","APC/C:Cdc20 mediated degradation of Securin Homo sapiens R-HSA-174154",0.00166300166300166,0.0225216,0.597602737890365,1.51379202960041,1662,61,"UBA52;PSMB3;PSMB8;PSMA7;PSMB2;PSMB6;PSMA3;PSMB10;PSMA4;PSMD4;PSMB5;PSMB1;PSME2;PSMA2;UBB;PSMB4;PSMB9;PSMA6;PSMB7;PTTG1;PSMC3;PSME1;PSMD13;PSMC4;PSMD5;PSMD8;PSMD3;UBC;ANAPC2;CDC16;PSMD14;ANAPC15;CDC26;PSMA1;PSMF1;ANAPC10;PSME4;PSMA5;PSMD6"
"58","Autodegradation of Cdh1 by Cdh1:APC/C Homo sapiens R-HSA-174084",0.00176800353600707,0.0228289579386176,0.598098148271583,1.51360025414719,1767,60,"UBA52;PSMB3;PSMB8;PSMA7;PSMB2;PSMB6;PSMA3;PSMB10;PSMA4;PSMD4;PSMB5;PSMB1;PSME2;PSMA2;UBB;PSMB4;PSMB9;PSMA6;PSMB7;PSMC3;PSME1;PSMD13;PSMC4;PSMD5;PSMD8;PSMD3;UBC;ANAPC2;CDC16;PSMD14;ANAPC15;CDC26;PSMA1;PSMF1"
"59","FCERI mediated NF-kB activation Homo sapiens R-HSA-2871837",0.00126799873200127,0.0187358259243682,0.594559814629138,1.51294895326135,1267,66,"UBA52;PSMB3;PSMB8;PSMA7;PSMB2;PSMB6;PSMA3;PSMB10;PSMA4;PSMD4;PSMB5;PSMB1;PSME2;PSMA2;UBB;PSMB4;PSMB9;PSMA6;PSMB7;NFKB1;PSMC3;PSME1;PSMD13;TAB2;PSMC4;CDC34;PSMD5;PSMD8;PSMD3;UBC"
"60","C-type lectin receptors (CLRs) Homo sapiens R-HSA-5621481",0.00024999975000025,0.0153167414400153,0.58334564743149,1.51116957169173,249,93,"UBA52;PSMB3;PSMB8;PSMA7;PYCARD;PSMB2;CALM1;PSMB6;PSMA3;PSMB10;PSMA4;PSMD4;PSMB5;PSMB1;UBE2M;PSME2;PSMA2;RELB;SRC;UBB;PSMB4;PSMB9;EP300;PSMA6;PRKCD;PSMB7;NFKB1;KRAS;PSMC3;PPP3CA;PSME1;PSMD13;TAB2;UBA3;PSMC4;CDC34;PPP3R1;PSMD5;RAF1;PSMD8;PSMD3;PAK1;UBC"
"61","Mitochondrial translation initiation Homo sapiens R-HSA-5368286",0.000484999515000485,0.0161923886173268,0.586746673362984,1.51066641392651,484,82,"MRPS12;AURKAIP1;MRPL54;MRPS24;GADD45GIP1;MRPL14;MRPL12;MRPS18B;MRPS34;MRPL55;MRPL51;MRPL17;MRPS16;MRPL42;MRPL22;MRPL20;MRPL34;MRPL35;MRPS14;MRPL30;MRPS18A;MRPS28;MRPL41;MRPS26;MRPS35;MRPS17;MRPS33;MRPL2;MRPL28;MRPL9;MRPL43;MRPL11;MRPL18;MRPL13;MRPL21;MRPS25"
"62","Beta-catenin independent WNT signaling Homo sapiens R-HSA-3858494",0.00021999978000022,0.0153167414400153,0.582333095470439,1.51003914388226,219,95,"UBA52;PSMB3;PSMB8;PSMA7;PSMB2;CALM1;AP2S1;PSMB6;PSMA3;PSMB10;PSMA4;TCF7L2;PSMD4;PSMB5;PFN1;PSMB1;PSME2;PSMA2;FZD5;GNB2;UBB;PSMB4;PSMB9;GNG11;PSMA6;PSMB7;TNRC6A;RAC1;PSMC3;PPP3CA;PSME1;PSMD13;PSMC4;PPP3R1;PSMD5;FZD1;PSMD8;PSMD3;UBC"
"63","APC/C:Cdh1 mediated degradation of Cdc20 and other APC/C:Cdh1 targeted proteins in late mitosis/early G1 Homo sapiens R-HSA-174178",0.001683,0.0225216,0.595297598988746,1.50943141075685,1682,62,"UBA52;PSMB3;PSMB8;PSMA7;PSMB2;PSMB6;PSMA3;PSMB10;PSMA4;PSMD4;PSMB5;PSMB1;PSME2;PSMA2;UBB;PSMB4;PSMB9;PSMA6;PSMB7;PTTG1;PSMC3;PSME1;PSMD13;PSMC4;PSMD5;PSMD8;PSMD3;UBC;ANAPC2;CDC16;PSMD14;ANAPC15;CDC26;PSMA1;PSMF1;ANAPC10;PSME4;PSMA5;PSMD6"
"64","Assembly of the pre-replicative complex Homo sapiens R-HSA-68867",0.00200500401000802,0.0245495291694791,0.594425423284417,1.50430573034696,2004,60,"UBA52;PSMB3;PSMB8;PSMA7;PSMB2;PSMB6;PSMA3;PSMB10;PSMA4;PSMD4;PSMB5;PSMB1;PSME2;PSMA2;UBB;PSMB4;PSMB9;PSMA6;PSMB7;PSMC3;PSME1;PSMD13;PSMC4;PSMD5;PSMD8;PSMD3;UBC"
"65","Complex I biogenesis Homo sapiens R-HSA-6799198",0.00410418468831097,0.0405460393368708,0.6016892210616,1.49963679302385,4103,47,"NDUFS7;NDUFA3;NDUFB10;NDUFB9;NDUFB7;NDUFB11;NDUFA1;NDUFB5;NDUFC2;NDUFB8;NDUFA11;NDUFA13;NDUFAF3;NDUFS8;NDUFA8;NDUFB6;NDUFV1;NDUFS3;NDUFS5;NDUFV2;NDUFAB1"
"66","Degradation of beta-catenin by the destruction complex Homo sapiens R-HSA-195253",0.00102599897400103,0.0177666799077387,0.583488364297622,1.49533281384389,1025,75,"UBA52;PSMB3;PSMB8;PSMA7;PSMB2;PSMB6;PSMA3;PSMB10;PSMA4;TCF7L2;PSMD4;PSMB5;TLE4;PSMB1;PSME2;PSMA2;RBX1;UBB;PSMB4;PSMB9;AXIN1;PSMA6;PSMB7;PSMC3;PPP2CB;PSME1;PSMD13;PSMC4;PSMD5;PSMD8;PSMD3;UBC;PPP2R1A;PSMD14;AES;CUL1;HDAC1;PSMA1;PSMF1;GSK3B;PSME4;PSMA5;CTBP1;PSMD6;AXIN2"
"67","Respiratory electron transport, ATP synthesis by chemiosmotic coupling, and heat production by uncoupling proteins. Homo sapiens R-HSA-163200",0.000207999792000208,0.0153167414400153,0.573374488019212,1.49230579222017,207,103,"NDUFS7;NDUFA3;NDUFB10;COX4I1;NDUFB9;COX14;ATP5G1;NDUFB7;ATP5H;NDUFB11;NDUFA1;NDUFB5;ATP5D;NDUFC2;NDUFB8;NDUFA11;SDHD;NDUFA13;COX7C;COX5A;COX19;ETFB;NDUFAF3;NDUFS8;ATP5E;UQCR11;NDUFA8;SDHB;NDUFB6;COX6C;CYC1;NDUFV1;UQCRC1;ETFDH;NDUFS3;COX7A2L;NDUFS5;CYCS;ATP5G2;NDUFV2;SDHA;ATP5J2;COX5B;COX18;NDUFAB1"
"68","Activation of APC/C and APC/C:Cdc20 mediated degradation of mitotic proteins Homo sapiens R-HSA-176814",0.00217000217000217,0.0255539455539456,0.586839149361269,1.48937830731145,2169,63,"UBA52;PSMB3;PSMB8;PSMA7;PSMB2;PSMB6;PSMA3;PSMB10;PSMA4;PSMD4;PSMB5;PSMB1;PSME2;PSMA2;UBB;PSMB4;PSMB9;PSMA6;PSMB7;PTTG1;PSMC3;PSME1;PSMD13;PSMC4;PSMD5;PSMD8;PSMD3;UBC;ANAPC2;CDC16;PSMD14;ANAPC15;CDC26;PSMA1;PSMF1;ANAPC10;PSME4;PSMA5"
"69","APC/C:Cdc20 mediated degradation of mitotic proteins Homo sapiens R-HSA-176409",0.00217000217000217,0.0255539455539456,0.586839149361269,1.48937830731145,2169,63,"UBA52;PSMB3;PSMB8;PSMA7;PSMB2;PSMB6;PSMA3;PSMB10;PSMA4;PSMD4;PSMB5;PSMB1;PSME2;PSMA2;UBB;PSMB4;PSMB9;PSMA6;PSMB7;PTTG1;PSMC3;PSME1;PSMD13;PSMC4;PSMD5;PSMD8;PSMD3;UBC;ANAPC2;CDC16;PSMD14;ANAPC15;CDC26;PSMA1;PSMF1;ANAPC10;PSME4;PSMA5"
"70","Switching of origins to a post-replicative state Homo sapiens R-HSA-69052",0.002304,0.0259678518947435,0.587083726814247,1.48860438796155,2303,62,"UBA52;PSMB3;PSMB8;PSMA7;PSMB2;PSMB6;PSMA3;PSMB10;PSMA4;PSMD4;PSMB5;PSMB1;PSME2;PSMA2;UBB;PSMB4;PSMB9;PSMA6;PSMB7;PSMC3;PSME1;PSMD13;PSMC4;PSMD5;PSMD8;PSMD3;UBC"
"71","Orc1 removal from chromatin Homo sapiens R-HSA-68949",0.002304,0.0259678518947435,0.587083726814247,1.48860438796155,2303,62,"UBA52;PSMB3;PSMB8;PSMA7;PSMB2;PSMB6;PSMA3;PSMB10;PSMA4;PSMD4;PSMB5;PSMB1;PSME2;PSMA2;UBB;PSMB4;PSMB9;PSMA6;PSMB7;PSMC3;PSME1;PSMD13;PSMC4;PSMD5;PSMD8;PSMD3;UBC"
"72","Downstream TCR signaling Homo sapiens R-HSA-202424",0.00174499825500174,0.0228289579386176,0.583031974391334,1.48607292476372,1744,68,"UBA52;PSMB3;PSMB8;PSMA7;PSMB2;PSMB6;PSMA3;PSMB10;PSMA4;PSMD4;PSMB5;PSMB1;PSME2;PSMA2;UBB;PSMB4;PSMB9;PSMA6;PSMB7;NFKB1;PSMC3;PSME1;PSMD13;TAB2;PSMC4;CDC34;PSMD5;PSMD8;PSMD3;UBC;PSMD14;FBXW11;CUL1;PTEN;PSMA1;PSMF1;BCL10;PDPK1;PSME4;PSMA5"
"73","APC:Cdc20 mediated degradation of cell cycle proteins prior to satisfation of the cell cycle checkpoint Homo sapiens R-HSA-179419",0.002515,0.0272211764705882,0.584720268754507,1.48261162427589,2514,62,"UBA52;PSMB3;PSMB8;PSMA7;PSMB2;PSMB6;PSMA3;PSMB10;PSMA4;PSMD4;PSMB5;PSMB1;PSME2;PSMA2;UBB;PSMB4;PSMB9;PSMA6;PSMB7;PSMC3;PSME1;PSMD13;PSMC4;PSMD5;PSMD8;PSMD3;UBC;ANAPC2;CDC16;PSMD14;ANAPC15;CDC26;PSMA1;PSMF1;ANAPC10;PSME4;PSMA5;PSMD6"
"74","Cdc20:Phospho-APC/C mediated degradation of Cyclin A Homo sapiens R-HSA-174184",0.002515,0.0272211764705882,0.584720268754507,1.48261162427589,2514,62,"UBA52;PSMB3;PSMB8;PSMA7;PSMB2;PSMB6;PSMA3;PSMB10;PSMA4;PSMD4;PSMB5;PSMB1;PSME2;PSMA2;UBB;PSMB4;PSMB9;PSMA6;PSMB7;PSMC3;PSME1;PSMD13;PSMC4;PSMD5;PSMD8;PSMD3;UBC;ANAPC2;CDC16;PSMD14;ANAPC15;CDC26;PSMA1;PSMF1;ANAPC10;PSME4;PSMA5;PSMD6"
"75","Mitochondrial translation Homo sapiens R-HSA-5368287",0.000641999358000642,0.017067277377798,0.573382652822482,1.48144627584532,641,88,"MRPS12;AURKAIP1;MRPL54;MRPS24;GADD45GIP1;MRPL14;MRPL12;MRPS18B;MRPS34;MRPL55;MRPL51;MRPL17;MRPS16;MRPL42;MRPL22;MRPL20;MRPL34;MRPL35;MRPS14;MRPL30;MRPS18A;MRPS28;TUFM;MRPL41;MRPS26;MRPS35;MRPS17;MRPS33;MRPL2;MRPL28;MRPL9;MRPL43;MRPL11;MRPL18;MRPL13;MRPL21;MRPS25"
"76","TCR signaling Homo sapiens R-HSA-202403",0.00127199872800127,0.0187358259243682,0.577456318473087,1.4809356914501,1271,76,"UBA52;PSMB3;PSMB8;PSMA7;PSMB2;PSMB6;PSMA3;PSMB10;PSMA4;PSMD4;PSMB5;PSMB1;PSME2;PSMA2;UBB;PSMB4;PSMB9;PSMA6;PSMB7;NFKB1;CSK;PTPRJ;PSMC3;PSME1;PSMD13;TAB2;PSMC4;CDC34;PSMD5;PSMD8;PSMD3;PAK1;UBC;PSMD14;FBXW11;CUL1;PTEN;PSMA1;PSMF1;BCL10;PAG1;PDPK1;PSME4;PSMA5"
"77","APC/C-mediated degradation of cell cycle proteins Homo sapiens R-HSA-174143",0.00195099804900195,0.0243378739672108,0.580411774497207,1.47939437488797,1950,68,"UBA52;PSMB3;PSMB8;PSMA7;PSMB2;PSMB6;PSMA3;PSMB10;PSMA4;PSMD4;PSMB5;PSMB1;PSME2;PSMA2;UBB;PSMB4;PSMB9;PSMA6;PSMB7;PTTG1;PSMC3;PSME1;PSMD13;PSMC4;PSMD5;PSMD8;PSMD3;UBC;ANAPC2;CDC16;PSMD14;ANAPC15;CUL1;CDC26;PSMA1;PSMF1;ANAPC10;PSME4;PSMA5"
"78","Regulation of mitotic cell cycle Homo sapiens R-HSA-453276",0.00195099804900195,0.0243378739672108,0.580411774497207,1.47939437488797,1950,68,"UBA52;PSMB3;PSMB8;PSMA7;PSMB2;PSMB6;PSMA3;PSMB10;PSMA4;PSMD4;PSMB5;PSMB1;PSME2;PSMA2;UBB;PSMB4;PSMB9;PSMA6;PSMB7;PTTG1;PSMC3;PSME1;PSMD13;PSMC4;PSMD5;PSMD8;PSMD3;UBC;ANAPC2;CDC16;PSMD14;ANAPC15;CUL1;CDC26;PSMA1;PSMF1;ANAPC10;PSME4;PSMA5"
"79","DNA Replication Pre-Initiation Homo sapiens R-HSA-69002",0.002438,0.0267816119402985,0.580233793613761,1.47524715661906,2437,65,"UBA52;PSMB3;PSMB8;PSMA7;PSMB2;PSMB6;PSMA3;PSMB10;PSMA4;PSMD4;PSMB5;PSMB1;PSME2;PSMA2;UBB;PSMB4;PSMB9;PSMA6;PSMB7;PSMC3;PSME1;PSMD13;PSMC4;PSMD5;PSMD8;PSMD3;UBC"
"80","M/G1 Transition Homo sapiens R-HSA-68874",0.002438,0.0267816119402985,0.580233793613761,1.47524715661906,2437,65,"UBA52;PSMB3;PSMB8;PSMA7;PSMB2;PSMB6;PSMA3;PSMB10;PSMA4;PSMD4;PSMB5;PSMB1;PSME2;PSMA2;UBB;PSMB4;PSMB9;PSMA6;PSMB7;PSMC3;PSME1;PSMD13;PSMC4;PSMD5;PSMD8;PSMD3;UBC"
"81","Removal of licensing factors from origins Homo sapiens R-HSA-69300",0.00265800265800266,0.028558977464087,0.581198475502581,1.47506246404692,2657,63,"UBA52;PSMB3;PSMB8;PSMA7;PSMB2;PSMB6;PSMA3;PSMB10;PSMA4;PSMD4;PSMB5;PSMB1;PSME2;PSMA2;UBB;PSMB4;PSMB9;PSMA6;PSMB7;PSMC3;PSME1;PSMD13;PSMC4;PSMD5;PSMD8;PSMD3;UBC"
"82","Regulation of APC/C activators between G1/S and early anaphase Homo sapiens R-HSA-176408",0.00240699759300241,0.0267816119402985,0.578460387727509,1.47198148374927,2406,66,"UBA52;PSMB3;PSMB8;PSMA7;PSMB2;PSMB6;PSMA3;PSMB10;PSMA4;PSMD4;PSMB5;PSMB1;PSME2;PSMA2;UBB;PSMB4;PSMB9;PSMA6;PSMB7;PSMC3;PSME1;PSMD13;PSMC4;PSMD5;PSMD8;PSMD3;UBC;ANAPC2;CDC16;PSMD14;ANAPC15;CUL1;CDC26;PSMA1;PSMF1;ANAPC10;PSME4;PSMA5"
"83","Hedgehog 'off' state Homo sapiens R-HSA-5610787",0.0021959978040022,0.0256548314880257,0.573748917828276,1.46479688876131,2195,70,"PRKAR2B;UBA52;PSMB3;PSMB8;PSMA7;PSMB2;PSMB6;PSMA3;PSMB10;PSMA4;PSMD4;PSMB5;PSMB1;PSME2;PSMA2;ADCY6;RBX1;UBB;PSMB4;PSMB9;PSMA6;PSMB7;PSMC3;PSME1;PSMD13;PSMC4;PSMD5;PSMD8;PSMD3;UBC;PRKAR2A;PTCH1;PSMD14;TTC21B;CUL1;PSMA1;PSMF1;GSK3B;FUZ;PSME4;PSMA5"
"84","Regulation of DNA replication Homo sapiens R-HSA-69304",0.003291,0.033409324137931,0.572021956071381,1.45436852094091,3290,65,"UBA52;PSMB3;PSMB8;PSMA7;PSMB2;PSMB6;PSMA3;PSMB10;PSMA4;PSMD4;PSMB5;PSMB1;PSME2;PSMA2;UBB;PSMB4;PSMB9;PSMA6;PSMB7;PSMC3;PSME1;PSMD13;PSMC4;PSMD5;PSMD8;PSMD3;UBC"
"85","The citric acid (TCA) cycle and respiratory electron transport Homo sapiens R-HSA-1428517",9.7999902000098e-05,0.0153167414400153,0.55187397999731,1.45318846636887,97,136,"NDUFS7;NDUFA3;NDUFB10;COX4I1;NDUFB9;COX14;ATP5G1;NDUFB7;SLC16A1;ATP5H;NDUFB11;NDUFA1;NDUFB5;ATP5D;NDUFC2;NDUFB8;NDUFA11;PDHB;SDHD;CS;NDUFA13;COX7C;MPC1;COX5A;COX19;ETFB;MPC2;NDUFAF3;NDUFS8;GLO1;ATP5E;PDK2;UQCR11;NDUFA8;SDHB;NDUFB6;DLAT;COX6C;CYC1;SUCLG1;NDUFV1;UQCRC1;ETFDH;NDUFS3;COX7A2L;NDUFS5;CYCS;ATP5G2;NDUFV2;SDHA;ATP5J2;COX5B;COX18;NDUFAB1"
"86","Apoptosis Homo sapiens R-HSA-109581",0.000306999693000307,0.0153167414400153,0.543705146004844,1.4282534595989,306,128,"H1F0;DYNLL1;UBA52;PSMB3;PSMB8;PSMA7;CDH1;PSMB2;NMT1;PSMB6;PSMA3;PSMB10;DSP;PSMA4;PSMD4;PSMB5;PSMB1;PSME2;DSG2;PSMA2;TJP2;CASP7;HMGB1;UBB;LMNA;PSMB4;PSMB9;PSMA6;PRKCD;HIST1H1C;PSMB7;BAD;BAX;DAPK2;PSMC3;YWHAQ;CD14;PSME1;APPL1;PSMD13;SPTAN1;PSMC4;CYCS;PPP3R1;PSMD5;STK24;PSMD8;PSMD3;ROCK1;UBC"
"87","Programmed Cell Death Homo sapiens R-HSA-5357801",0.000383999616000384,0.0153167414400153,0.539810159045025,1.418903823822,383,130,"H1F0;DYNLL1;UBA52;PSMB3;PSMB8;PSMA7;CDH1;PSMB2;NMT1;PSMB6;PSMA3;PSMB10;DSP;PSMA4;PSMD4;PSMB5;PSMB1;PSME2;DSG2;PSMA2;TJP2;CASP7;HMGB1;UBB;LMNA;PSMB4;PSMB9;PSMA6;PRKCD;HIST1H1C;PSMB7;BAD;BAX;DAPK2;PSMC3;YWHAQ;CD14;PSME1;APPL1;PSMD13;SPTAN1;PSMC4;CYCS;PPP3R1;PSMD5;STK24;PSMD8;PSMD3;ROCK1;UBC"
"88","FCERI mediated MAPK activation Homo sapiens R-HSA-2871796",0.000356999643000357,0.0153167414400153,0.534757772768614,1.40853717065192,356,137,"UBA52;PSMB3;PSMB8;PSMA7;PSMB2;CALM1;ERBB3;PSMB6;PSMA3;PSMB10;PSMA4;PSMD4;PSMB5;PSMB1;PSME2;PSMA2;SRC;LAMTOR2;RBX1;FOS;UBB;PSMB4;PSMB9;ARRB1;DUSP6;PSMA6;PSMB7;KRAS;CSK;RAC1;PSMC3;PPP2CB;PSME1;PSMD13;DUSP1;HBEGF;SPTAN1;PSMC4;PSMD5;CAMK2D;RAF1;SOS1;PSMD8;PSMD3;PAK1;PHB;UBC;PPP2R1A;JUN;ERBB2;PPP5C;MAP2K1;MAPK9;DAB2IP;MAP3K11;IQGAP1;PSMD14;RAP1A;BRAP;SYK;CNKSR1;RASA1;GRB2;PSMA1;PSMF1;SPRED2;SHC1;MAP3K1;DUSP5;YWHAB;PSME4;PSMA5;MAP2K2;PTPRA;PSMD6"
"89","ARMS-mediated activation Homo sapiens R-HSA-170984",0.000611999388000612,0.01699784191047,0.536043467760841,1.40721655284732,611,126,"UBA52;PSMB3;PSMB8;PSMA7;PSMB2;CALM1;ERBB3;PSMB6;PSMA3;PSMB10;PSMA4;PSMD4;PSMB5;PSMB1;PSME2;PSMA2;SRC;LAMTOR2;KIDINS220;RBX1;UBB;PSMB4;PSMB9;ARRB1;DUSP6;PSMA6;PSMB7;KRAS;CSK;CRK;PSMC3;PPP2CB;PSME1;PSMD13;DUSP1;HBEGF;SPTAN1;PSMC4;PSMD5;CAMK2D;RAF1;SOS1;PSMD8;PSMD3;PHB;UBC;PPP2R1A;ERBB2;PPP5C;MAP2K1;DAB2IP;MAP3K11;IQGAP1;PSMD14;RAP1A;BRAP;CNKSR1;RASA1;GRB2;PSMA1;PSMF1;SPRED2;SHC1;DUSP5;YWHAB;PSME4;PSMA5;MAP2K2;PTPRA;PSMD6"
"90","G2/M Transition Homo sapiens R-HSA-69275",0.000743999256000744,0.017067277377798,0.533650237237044,1.40048231872749,743,125,"DYNLL1;PRKAR2B;UBA52;PSMB3;PSMB8;PSMA7;PSMB2;SSNA1;PSMB6;PSMA3;PSMB10;PSMA4;PSMD4;PSMB5;PSMB1;PSME2;PSMA2;DYNC1H1;CSNK1D;UBB;PSMB4;PSMB9;EP300;DCTN3;PSMA6;PSMB7;TUBB4B;NUMA1;DYNC1I2;PSMC3;PHLDA1;PPP2CB;PSME1;HAUS7;TUBA4A;PSMD13;PPP2R2A;PSMC4;CEP63;PSMD5;PSMD8;PSMD3;UBC;PPP2R1A"
"91","Prolonged ERK activation events Homo sapiens R-HSA-169893",0.000642999357000643,0.017067277377798,0.53281428651792,1.40006188059905,642,129,"UBA52;PSMB3;PSMB8;PSMA7;PSMB2;CALM1;ERBB3;PSMB6;PSMA3;PSMB10;PSMA4;PSMD4;PSMB5;PSMB1;PSME2;PSMA2;SRC;LAMTOR2;KIDINS220;RBX1;UBB;PSMB4;PSMB9;ARRB1;DUSP6;PSMA6;PSMB7;KRAS;CSK;CRK;PSMC3;PPP2CB;PSME1;PSMD13;DUSP1;HBEGF;SPTAN1;PSMC4;PSMD5;CAMK2D;RAF1;SOS1;PSMD8;PSMD3;PHB;UBC;PPP2R1A;ERBB2;PPP5C;MAP2K1;DAB2IP;MAP3K11;IQGAP1;PSMD14;RAP1A;BRAP;CNKSR1;RASA1;GRB2;PSMA1;PSMF1;SPRED2;SHC1;DUSP5;YWHAB;PSME4;PSMA5;MAP2K2;PTPRA;PSMD6"
"92","Mitotic G2-G2/M phases Homo sapiens R-HSA-453274",0.000742999257000743,0.017067277377798,0.532864648486822,1.39887154470908,742,126,"DYNLL1;PRKAR2B;UBA52;PSMB3;PSMB8;PSMA7;PSMB2;SSNA1;PSMB6;PSMA3;PSMB10;PSMA4;PSMD4;PSMB5;PSMB1;PSME2;PSMA2;DYNC1H1;CSNK1D;UBB;PSMB4;PSMB9;EP300;DCTN3;PSMA6;PSMB7;TUBB4B;NUMA1;DYNC1I2;PSMC3;PHLDA1;PPP2CB;PSME1;HAUS7;TUBA4A;PSMD13;PPP2R2A;PSMC4;CEP63;PSMD5;PSMD8;PSMD3;UBC;PPP2R1A"
"93","VEGFR2 mediated cell proliferation Homo sapiens R-HSA-5218921",0.000601999398000602,0.01699784191047,0.53085169039746,1.39659209288932,601,133,"UBA52;PSMB3;PSMB8;PSMA7;PSMB2;CALM1;ERBB3;PSMB6;PSMA3;PSMB10;PSMA4;PSMD4;PSMB5;PSMB1;PSME2;PSMA2;SRC;LAMTOR2;RBX1;UBB;PSMB4;PSMB9;ARRB1;DUSP6;PSMA6;PRKCD;PSMB7;KRAS;CSK;PSMC3;PPP2CB;PSME1;PSMD13;DUSP1;HBEGF;SPTAN1;PSMC4;PRKCZ;PSMD5;CAMK2D;RAF1;SOS1;PSMD8;PSMD3;PHB;UBC;PPP2R1A;VEGFA;ERBB2;PPP5C;MAP2K1;DAB2IP;MAP3K11;IQGAP1;PSMD14;RAP1A;BRAP;CNKSR1;RASA1;GRB2;PSMA1;PSMF1;SPRED2;SHC1;DUSP5;YWHAB;PDPK1;PSME4;PSMA5;MAP2K2;PTPRA;PSMD6"
"94","GRB2 events in EGFR signaling Homo sapiens R-HSA-179812",0.00084999915000085,0.017067277377798,0.532153151174323,1.39608875954124,849,124,"UBA52;PSMB3;PSMB8;PSMA7;PSMB2;CALM1;ERBB3;PSMB6;PSMA3;PSMB10;PSMA4;PSMD4;PSMB5;PSMB1;PSME2;PSMA2;SRC;LAMTOR2;RBX1;UBB;PSMB4;PSMB9;ARRB1;DUSP6;PSMA6;PSMB7;KRAS;CSK;PSMC3;PPP2CB;PSME1;PSMD13;DUSP1;HBEGF;SPTAN1;PSMC4;PSMD5;CAMK2D;RAF1;SOS1;PSMD8;PSMD3;PHB;UBC;PPP2R1A;ERBB2;PPP5C;MAP2K1;DAB2IP;MAP3K11;IQGAP1;PSMD14;RAP1A;BRAP;CNKSR1;RASA1;GRB2;PSMA1;PSMF1;SPRED2;SHC1;DUSP5;YWHAB;PSME4;PSMA5;MAP2K2;PTPRA;PSMD6"
"95","SHC1 events in EGFR signaling Homo sapiens R-HSA-180336",0.00084999915000085,0.017067277377798,0.532153151174323,1.39608875954124,849,124,"UBA52;PSMB3;PSMB8;PSMA7;PSMB2;CALM1;ERBB3;PSMB6;PSMA3;PSMB10;PSMA4;PSMD4;PSMB5;PSMB1;PSME2;PSMA2;SRC;LAMTOR2;RBX1;UBB;PSMB4;PSMB9;ARRB1;DUSP6;PSMA6;PSMB7;KRAS;CSK;PSMC3;PPP2CB;PSME1;PSMD13;DUSP1;HBEGF;SPTAN1;PSMC4;PSMD5;CAMK2D;RAF1;SOS1;PSMD8;PSMD3;PHB;UBC;PPP2R1A;ERBB2;PPP5C;MAP2K1;DAB2IP;MAP3K11;IQGAP1;PSMD14;RAP1A;BRAP;CNKSR1;RASA1;GRB2;PSMA1;PSMF1;SPRED2;SHC1;DUSP5;YWHAB;PSME4;PSMA5;MAP2K2;PTPRA;PSMD6"
"96","SOS-mediated signalling Homo sapiens R-HSA-112412",0.00084999915000085,0.017067277377798,0.532153151174323,1.39608875954124,849,124,"UBA52;PSMB3;PSMB8;PSMA7;PSMB2;CALM1;ERBB3;PSMB6;PSMA3;PSMB10;PSMA4;PSMD4;PSMB5;PSMB1;PSME2;PSMA2;SRC;LAMTOR2;RBX1;UBB;PSMB4;PSMB9;ARRB1;DUSP6;PSMA6;PSMB7;KRAS;CSK;PSMC3;PPP2CB;PSME1;PSMD13;DUSP1;HBEGF;SPTAN1;PSMC4;PSMD5;CAMK2D;RAF1;SOS1;PSMD8;PSMD3;PHB;UBC;PPP2R1A;ERBB2;PPP5C;MAP2K1;DAB2IP;MAP3K11;IQGAP1;PSMD14;RAP1A;BRAP;CNKSR1;RASA1;GRB2;PSMA1;PSMF1;SPRED2;SHC1;DUSP5;YWHAB;PSME4;PSMA5;MAP2K2;PTPRA;PSMD6"
"97","SHC1 events in ERBB4 signaling Homo sapiens R-HSA-1250347",0.00084999915000085,0.017067277377798,0.532153151174323,1.39608875954124,849,124,"UBA52;PSMB3;PSMB8;PSMA7;PSMB2;CALM1;ERBB3;PSMB6;PSMA3;PSMB10;PSMA4;PSMD4;PSMB5;PSMB1;PSME2;PSMA2;SRC;LAMTOR2;RBX1;UBB;PSMB4;PSMB9;ARRB1;DUSP6;PSMA6;PSMB7;KRAS;CSK;PSMC3;PPP2CB;PSME1;PSMD13;DUSP1;HBEGF;SPTAN1;PSMC4;PSMD5;CAMK2D;RAF1;SOS1;PSMD8;PSMD3;PHB;UBC;PPP2R1A;ERBB2;PPP5C;MAP2K1;DAB2IP;MAP3K11;IQGAP1;PSMD14;RAP1A;BRAP;CNKSR1;RASA1;GRB2;PSMA1;PSMF1;SPRED2;SHC1;DUSP5;YWHAB;PSME4;PSMA5;MAP2K2;PTPRA;PSMD6"
"98","RAF/MAP kinase cascade Homo sapiens R-HSA-5673001",0.00084999915000085,0.017067277377798,0.532153151174323,1.39608875954124,849,124,"UBA52;PSMB3;PSMB8;PSMA7;PSMB2;CALM1;ERBB3;PSMB6;PSMA3;PSMB10;PSMA4;PSMD4;PSMB5;PSMB1;PSME2;PSMA2;SRC;LAMTOR2;RBX1;UBB;PSMB4;PSMB9;ARRB1;DUSP6;PSMA6;PSMB7;KRAS;CSK;PSMC3;PPP2CB;PSME1;PSMD13;DUSP1;HBEGF;SPTAN1;PSMC4;PSMD5;CAMK2D;RAF1;SOS1;PSMD8;PSMD3;PHB;UBC;PPP2R1A;ERBB2;PPP5C;MAP2K1;DAB2IP;MAP3K11;IQGAP1;PSMD14;RAP1A;BRAP;CNKSR1;RASA1;GRB2;PSMA1;PSMF1;SPRED2;SHC1;DUSP5;YWHAB;PSME4;PSMA5;MAP2K2;PTPRA;PSMD6"
"99","Signaling by Hedgehog Homo sapiens R-HSA-5358351",0.0032029967970032,0.0327417450360327,0.540030396138016,1.39602291757899,3202,89,"PRKAR2B;UBA52;PSMB3;PSMB8;PSMA7;PSMB2;PSMB6;PSMA3;PSMB10;PSMA4;PSMD4;SPOP;PSMB5;PSMB1;PSME2;PSMA2;ADCY6;RBX1;UBB;PSMB4;PSMB9;ARRB1;PSMA6;PSMB7;VCP;PSMC3;PSME1;ADAM17;PSMD13;PSMC4;PSMD5;PSMD8;PSMD3;OS9;UBC;IHH;PRKAR2A;PTCH1;PSMD14;TTC21B;CUL1;PSMA1;PSMF1;GSK3B;FUZ;PSME4;PSMA5;BOC;PSMD6"
"100","Signalling to p38 via RIT and RIN Homo sapiens R-HSA-187706",0.000842999157000843,0.017067277377798,0.531527858876876,1.39491246574204,842,125,"UBA52;PSMB3;PSMB8;PSMA7;PSMB2;CALM1;ERBB3;PSMB6;PSMA3;PSMB10;PSMA4;PSMD4;PSMB5;PSMB1;PSME2;PSMA2;SRC;LAMTOR2;RBX1;UBB;PSMB4;PSMB9;ARRB1;DUSP6;PSMA6;PSMB7;KRAS;CSK;PSMC3;PPP2CB;PSME1;PSMD13;DUSP1;HBEGF;SPTAN1;PSMC4;PSMD5;CAMK2D;RAF1;SOS1;PSMD8;PSMD3;PHB;UBC;PPP2R1A;ERBB2;PPP5C;MAP2K1;DAB2IP;MAP3K11;IQGAP1;PSMD14;RAP1A;BRAP;CNKSR1;RASA1;GRB2;PSMA1;PSMF1;SPRED2;SHC1;DUSP5;YWHAB;PSME4;PSMA5;MAP2K2;PTPRA;PSMD6"
"101","NCAM signaling for neurite out-growth Homo sapiens R-HSA-375165",0.000816999183000817,0.017067277377798,0.529956364795381,1.3921369275558,816,128,"UBA52;PSMB3;PSMB8;PSMA7;PSMB2;CALM1;ERBB3;PSMB6;PSMA3;PSMB10;PSMA4;PSMD4;PSMB5;PSMB1;PSME2;PSMA2;SRC;LAMTOR2;RBX1;UBB;PSMB4;PSMB9;ARRB1;DUSP6;PSMA6;PSMB7;KRAS;CSK;PSMC3;PPP2CB;PSME1;PSMD13;DUSP1;HBEGF;SPTAN1;PSMC4;PSMD5;CAMK2D;RAF1;SOS1;PSMD8;PSMD3;PHB;CREB1;UBC;PPP2R1A;ERBB2;PPP5C;MAP2K1;DAB2IP;MAP3K11;IQGAP1;PSMD14;RAP1A;BRAP;CNKSR1;RASA1;PRNP;GRB2;PSMA1;PSMF1;SPRED2;SHC1;DUSP5;YWHAB;PSME4;PSMA5;MAP2K2;PTPRA;PSMD6"
"102","Frs2-mediated activation Homo sapiens R-HSA-170968",0.000912999087000913,0.0174536968320175,0.528857827390611,1.38881130368173,912,127,"UBA52;PSMB3;PSMB8;PSMA7;PSMB2;CALM1;ERBB3;PSMB6;PSMA3;PSMB10;PSMA4;PSMD4;PSMB5;PSMB1;PSME2;PSMA2;SRC;LAMTOR2;RBX1;UBB;PSMB4;PSMB9;ARRB1;DUSP6;PSMA6;PSMB7;KRAS;CSK;PSMC3;PPP2CB;PSME1;PSMD13;DUSP1;HBEGF;SPTAN1;PSMC4;PSMD5;CAMK2D;RAF1;SOS1;PSMD8;PSMD3;PHB;UBC;PPP2R1A;ERBB2;PPP5C;MAP2K1;DAB2IP;MAP3K11;IQGAP1;PSMD14;RAP1A;BRAP;CNKSR1;RASA1;GRB2;PSMA1;PSMF1;SPRED2;SHC1;DUSP5;YWHAB;PSME4;PSMA5;MAP2K2;PTPRA;PSMD6"
"103","Host Interactions of HIV factors Homo sapiens R-HSA-162909",0.00208799791200209,0.024988072572903,0.533052214627271,1.38857627858001,2087,105,"UBA52;PSMB3;PSMB8;PSMA7;PSMB2;AP2S1;PSMB6;PSMA3;PSMB10;PSMA4;PSMD4;PSMB5;PSMB1;RANBP1;PSME2;PSMA2;PPIA;RAN;RBX1;UBB;PSMB4;PSMB9;PSMA6;PSMB7;RAC1;SLC25A5;PSMC3;PSME1;AP1G1;PSMD13;PSMC4;PSMD5;B2M;PSMD8;PSMD3;AP1S1;UBC"
"104","FRS-mediated FGFR2 signaling Homo sapiens R-HSA-5654700",0.000998999001000999,0.01771718710209,0.528689788923302,1.38746439111947,998,125,"UBA52;PSMB3;PSMB8;PSMA7;PSMB2;CALM1;ERBB3;PSMB6;PSMA3;PSMB10;PSMA4;PSMD4;PSMB5;PSMB1;PSME2;PSMA2;SRC;LAMTOR2;RBX1;UBB;PSMB4;PSMB9;ARRB1;DUSP6;PSMA6;PSMB7;KRAS;CSK;PSMC3;PPP2CB;PSME1;PSMD13;DUSP1;HBEGF;SPTAN1;PSMC4;PSMD5;CAMK2D;RAF1;SOS1;PSMD8;PSMD3;PHB;UBC;PPP2R1A;ERBB2;PPP5C;MAP2K1;DAB2IP;MAP3K11;IQGAP1;PSMD14;RAP1A;BRAP;CNKSR1;RASA1;GRB2;PSMA1;PSMF1;SPRED2;SHC1;DUSP5;YWHAB;PSME4;PSMA5;MAP2K2;PTPRA;PSMD6"
"105","FRS-mediated FGFR4 signaling Homo sapiens R-HSA-5654712",0.000998999001000999,0.01771718710209,0.528689788923302,1.38746439111947,998,125,"UBA52;PSMB3;PSMB8;PSMA7;PSMB2;CALM1;ERBB3;PSMB6;PSMA3;PSMB10;PSMA4;PSMD4;PSMB5;PSMB1;PSME2;PSMA2;SRC;LAMTOR2;RBX1;UBB;PSMB4;PSMB9;ARRB1;DUSP6;PSMA6;PSMB7;KRAS;CSK;PSMC3;PPP2CB;PSME1;PSMD13;DUSP1;HBEGF;SPTAN1;PSMC4;PSMD5;CAMK2D;RAF1;SOS1;PSMD8;PSMD3;PHB;UBC;PPP2R1A;ERBB2;PPP5C;MAP2K1;DAB2IP;MAP3K11;IQGAP1;PSMD14;RAP1A;BRAP;CNKSR1;RASA1;GRB2;PSMA1;PSMF1;SPRED2;SHC1;DUSP5;YWHAB;PSME4;PSMA5;MAP2K2;PTPRA;PSMD6"
"106","FRS-mediated FGFR3 signaling Homo sapiens R-HSA-5654706",0.000998999001000999,0.01771718710209,0.528689788923302,1.38746439111947,998,125,"UBA52;PSMB3;PSMB8;PSMA7;PSMB2;CALM1;ERBB3;PSMB6;PSMA3;PSMB10;PSMA4;PSMD4;PSMB5;PSMB1;PSME2;PSMA2;SRC;LAMTOR2;RBX1;UBB;PSMB4;PSMB9;ARRB1;DUSP6;PSMA6;PSMB7;KRAS;CSK;PSMC3;PPP2CB;PSME1;PSMD13;DUSP1;HBEGF;SPTAN1;PSMC4;PSMD5;CAMK2D;RAF1;SOS1;PSMD8;PSMD3;PHB;UBC;PPP2R1A;ERBB2;PPP5C;MAP2K1;DAB2IP;MAP3K11;IQGAP1;PSMD14;RAP1A;BRAP;CNKSR1;RASA1;GRB2;PSMA1;PSMF1;SPRED2;SHC1;DUSP5;YWHAB;PSME4;PSMA5;MAP2K2;PTPRA;PSMD6"
"107","FRS-mediated FGFR1 signaling Homo sapiens R-HSA-5654693",0.000998999001000999,0.01771718710209,0.528689788923302,1.38746439111947,998,125,"UBA52;PSMB3;PSMB8;PSMA7;PSMB2;CALM1;ERBB3;PSMB6;PSMA3;PSMB10;PSMA4;PSMD4;PSMB5;PSMB1;PSME2;PSMA2;SRC;LAMTOR2;RBX1;UBB;PSMB4;PSMB9;ARRB1;DUSP6;PSMA6;PSMB7;KRAS;CSK;PSMC3;PPP2CB;PSME1;PSMD13;DUSP1;HBEGF;SPTAN1;PSMC4;PSMD5;CAMK2D;RAF1;SOS1;PSMD8;PSMD3;PHB;UBC;PPP2R1A;ERBB2;PPP5C;MAP2K1;DAB2IP;MAP3K11;IQGAP1;PSMD14;RAP1A;BRAP;CNKSR1;RASA1;GRB2;PSMA1;PSMF1;SPRED2;SHC1;DUSP5;YWHAB;PSME4;PSMA5;MAP2K2;PTPRA;PSMD6"
"108","MAPK1/MAPK3 signaling Homo sapiens R-HSA-5684996",0.00103799896200104,0.0177666799077387,0.526915974250023,1.38371188479812,1037,127,"UBA52;PSMB3;PSMB8;PSMA7;PSMB2;CALM1;ERBB3;PSMB6;PSMA3;PSMB10;PSMA4;PSMD4;PSMB5;PSMB1;PSME2;PSMA2;SRC;LAMTOR2;RBX1;UBB;PSMB4;PSMB9;ARRB1;DUSP6;PSMA6;PSMB7;KRAS;CSK;PSMC3;PPP2CB;PSME1;PSMD13;DUSP1;HBEGF;SPTAN1;PSMC4;PSMD5;CAMK2D;RAF1;SOS1;PSMD8;PSMD3;PHB;UBC;PPP2R1A;ERBB2;PPP5C;MAP2K1;DAB2IP;MAP3K11;IQGAP1;PSMD14;RAP1A;BRAP;CNKSR1;RASA1;GRB2;PSMA1;PSMF1;SPRED2;SHC1;DUSP5;YWHAB;PSME4;IL6ST;PSMA5;MAP2K2;PTPRA;PSMD6"
"109","Interleukin receptor SHC signaling Homo sapiens R-HSA-912526",0.0011029988970011,0.0182120668943161,0.524121456757116,1.37766569724339,1102,130,"UBA52;PSMB3;PSMB8;PSMA7;PSMB2;CALM1;ERBB3;PSMB6;PSMA3;PSMB10;PSMA4;PSMD4;PSMB5;PSMB1;PSME2;PSMA2;SRC;LAMTOR2;RBX1;UBB;PSMB4;PSMB9;ARRB1;DUSP6;PSMA6;INPPL1;PSMB7;KRAS;CSK;PSMC3;PPP2CB;PSME1;PSMD13;DUSP1;HBEGF;SPTAN1;PSMC4;PSMD5;CAMK2D;RAF1;SOS1;PSMD8;PSMD3;PHB;UBC;PPP2R1A;ERBB2;PPP5C;MAP2K1;DAB2IP;MAP3K11;IQGAP1;PSMD14;RAP1A;BRAP;CNKSR1;RASA1;GRB2;PSMA1;PSMF1;SPRED2;SHC1;DUSP5;YWHAB;PSME4;PSMA5;MAP2K2;PTPRA;PSMD6"
"110","Signaling by Leptin Homo sapiens R-HSA-2586552",0.00113899886100114,0.0182120668943161,0.524270063331167,1.37761045336484,1138,129,"UBA52;PSMB3;PSMB8;PSMA7;PSMB2;CALM1;ERBB3;PSMB6;PSMA3;PSMB10;PSMA4;PSMD4;PSMB5;PSMB1;PSME2;PSMA2;SRC;LAMTOR2;RBX1;UBB;PSMB4;PSMB9;ARRB1;DUSP6;PSMA6;PSMB7;KRAS;CSK;PSMC3;PPP2CB;PSME1;PSMD13;DUSP1;HBEGF;SPTAN1;PSMC4;PSMD5;CAMK2D;RAF1;SOS1;PSMD8;PSMD3;PHB;UBC;PPP2R1A;SH2B1;ERBB2;PPP5C;MAP2K1;DAB2IP;MAP3K11;IQGAP1;PSMD14;RAP1A;BRAP;CNKSR1;RASA1;GRB2;PSMA1;PSMF1;SPRED2;SHC1;DUSP5;YWHAB;PSME4;PSMA5;MAP2K2;PTPRA;PSMD6"
"111","Interleukin-2 signaling Homo sapiens R-HSA-451927",0.000958999041000959,0.01771718710209,0.523424830911105,1.37746795509131,958,134,"UBA52;PSMB3;PSMB8;PSMA7;PSMB2;CALM1;ERBB3;PSMB6;PSMA3;PSMB10;PSMA4;PSMD4;PSMB5;PSMB1;PSME2;PSMA2;SRC;LAMTOR2;RBX1;UBB;PSMB4;PSMB9;ARRB1;DUSP6;PSMA6;INPPL1;PSMB7;KRAS;CSK;PSMC3;PPP2CB;PSME1;PSMD13;DUSP1;HBEGF;SPTAN1;PSMC4;PSMD5;CAMK2D;RAF1;SOS1;PSMD8;PSMD3;PHB;UBC;PPP2R1A;ERBB2;PPP5C;MAP2K1;DAB2IP;MAP3K11;IQGAP1;PSMD14;RAP1A;BRAP;SYK;CNKSR1;RASA1;GRB2;PSMA1;PSMF1;SPRED2;SHC1;DUSP5;YWHAB;PSME4;PSMA5;MAP2K2;LGALS9;PTPRA;PSMD6"
"112","Gastrin-CREB signalling pathway via PKC and MAPK Homo sapiens R-HSA-881907",0.000327999672000328,0.0153167414400153,0.516563712008304,1.37077064841848,327,168,"EDN1;UBA52;PSMB3;PSMB8;PSMA7;PSMB2;CALM1;ERBB3;PSMB6;PSMA3;PSMB10;PSMA4;PSMD4;PSMB5;PSMB1;PSME2;PSMA2;DGKH;SRC;LAMTOR2;GNB2;RBX1;UBB;PSMB4;PSMB9;ARRB1;EDN2;GNG11;DGKA;DUSP6;PSMA6;PRKCD;GNA14;PSMB7;LPAR1;KRAS;CSK;PSMC3;APP;PPP2CB;GNAQ;PSME1;PSMD13;DUSP1;HBEGF;SPTAN1;PSMC4;PSMD5;CAMK2D;RAF1;SOS1;PRKCE;PSMD8;PSMD3;PHB;CREB1;UBC;PPP2R1A;ERBB2;PPP5C;MAP2K1;DAB2IP;MAP3K11;IQGAP1;PSMD14;RAP1A;BRAP;DGKD;GNG5;CNKSR1;RASA1;GRB2;PSMA1;TAC1;PSMF1;SPRED2;P2RY6;F2RL1;SHC1;DUSP5;YWHAB;GNA11;PSME4;PSMA5;MAP2K2;PLCB3;PTPRA;PSMD6"
"113","Signalling to ERKs Homo sapiens R-HSA-187687",0.00108299891700108,0.0182120668943161,0.51948032127392,1.36829678631548,1082,137,"UBA52;PSMB3;PSMB8;PSMA7;PSMB2;CALM1;ERBB3;PSMB6;PSMA3;PSMB10;PSMA4;PSMD4;PSMB5;PSMB1;PSME2;PSMA2;SRC;LAMTOR2;KIDINS220;RBX1;UBB;PSMB4;PSMB9;ARRB1;DUSP6;PSMA6;PSMB7;KRAS;CSK;CRK;PSMC3;PPP2CB;PSME1;PSMD13;DUSP1;HBEGF;SPTAN1;PSMC4;PSMD5;CAMK2D;RAF1;SOS1;PSMD8;PSMD3;PHB;UBC;PPP2R1A;ERBB2;PPP5C;MAP2K1;MAPKAPK3;DAB2IP;MAP3K11;IQGAP1;PSMD14;RAP1A;BRAP;CNKSR1;RASA1;GRB2;PSMA1;PSMF1;SPRED2;SHC1;DUSP5;YWHAB;PSME4;PSMA5;MAP2K2;PTPRA;PSMD6"
"114","Signalling to RAS Homo sapiens R-HSA-167044",0.00146999853000147,0.0206079793920206,0.519058399951718,1.3647445455416,1469,131,"UBA52;PSMB3;PSMB8;PSMA7;PSMB2;CALM1;ERBB3;PSMB6;PSMA3;PSMB10;PSMA4;PSMD4;PSMB5;PSMB1;PSME2;PSMA2;SRC;LAMTOR2;RBX1;UBB;PSMB4;PSMB9;ARRB1;DUSP6;PSMA6;PSMB7;KRAS;CSK;PSMC3;PPP2CB;PSME1;PSMD13;DUSP1;HBEGF;SPTAN1;PSMC4;PSMD5;CAMK2D;RAF1;SOS1;PSMD8;PSMD3;PHB;UBC;PPP2R1A;ERBB2;PPP5C;MAP2K1;MAPKAPK3;DAB2IP;MAP3K11;IQGAP1;PSMD14;RAP1A;BRAP;CNKSR1;RASA1;GRB2;PSMA1;PSMF1;SPRED2;SHC1;DUSP5;YWHAB;PSME4;PSMA5;MAP2K2;PTPRA;PSMD6"
"115","Interleukin-3, 5 and GM-CSF signaling Homo sapiens R-HSA-512988",0.000946999053000947,0.01771718710209,0.516757493305919,1.36370979897214,946,144,"UBA52;PSMB3;PSMB8;PSMA7;PSMB2;CALM1;ERBB3;PSMB6;PSMA3;PSMB10;PSMA4;PSMD4;PSMB5;PSMB1;PSME2;PSMA2;SRC;LAMTOR2;RBX1;UBB;PSMB4;PSMB9;ARRB1;DUSP6;PSMA6;YES1;INPPL1;PSMB7;KRAS;CSK;CRK;PSMC3;PPP2CB;PSME1;PSMD13;DUSP1;HBEGF;CBL;SPTAN1;PSMC4;PSMD5;CAMK2D;RAF1;SOS1;PSMD8;PSMD3;PHB;UBC;PPP2R1A;ERBB2;PPP5C;MAP2K1;DAB2IP;BLNK;MAP3K11;IQGAP1;PSMD14;RAP1A;BRAP;SYK;CNKSR1;RASA1;GRB2;PSMA1;PSMF1;SPRED2;SHC1;DUSP5;YWHAB;YWHAZ;PSME4;PSMA5;MAP2K2;PTPRA;PSMD6"
"116","Signaling by GPCR Homo sapiens R-HSA-372790",7.5999924000076e-05,0.0153167414400153,0.503819803678694,1.35131990583282,75,237,"EDN1;PRKAR2B;UBA52;PSMB3;PSMB8;PSMA7;CCL28;PSMB2;CALM1;ERBB3;VIPR1;PSMB6;PSMA3;PSMB10;PSMA4;PSMD4;PSMB5;ABR;PSMB1;PSME2;PSMA2;DGKH;RHOB;ADCY6;FZD5;SRC;LAMTOR2;GNB2;GNA13;RBX1;UBB;PSMB4;PSMB9;ARRB1;PDE7A;EDN2;GNG11;DGKA;DUSP6;PSMA6;PRKCD;GNA14;PSMB7;LPAR1;KRAS;CSK;RAC1;PDE3A;PSMC3;PPP3CA;APP;NGEF;PPP2CB;GNAQ;PSME1;ARHGEF1;PSMD13;DUSP1;HBEGF;RAMP1;SOS2;SPTAN1;PSMC4;PPP3R1;PSMD5;CAMK2D;RAF1;FZD1;PPP1CA;SOS1;PRKCE;PSMD8;PSMD3;ROCK1;ARHGEF2;PHB;AKAP13;CREB1;ITSN1;UBC;PPP2R1A;IHH;ERBB2;PPP5C;MAP2K1;CX3CL1;DAB2IP;PRKAR2A;NPY1R;RHOG;MAP3K11;PTCH1;IQGAP1;PSMD14;RAP1A;BRAP;DGKD;GNG5;CNKSR1;RASA1;GRB2;PSMA1;GNAI3;TAC1;PSMF1;SPRED2;P2RY6;F2RL1;SHC1;PPP3CB;DUSP5;YWHAB;GNA11;PDPK1;PSME4;PSMA5;MAP2K2;PLCB3;PTPRA;PSMD6"
"117","Metabolism of amino acids and derivatives Homo sapiens R-HSA-71291",0.00101999898000102,0.0177666799077387,0.508857198958632,1.34681861821841,1019,156,"UBA52;PSMB3;DIO1;PSMB8;PSMA7;PSMB2;ODC1;PSMB6;PSMA3;PSMB10;SAT1;PSMA4;PSMD4;PSMB5;ETHE1;PSMB1;QARS;PSME2;PSMA2;PDHB;EPRS;OAT;CSAD;NQO1;PSMB4;PSMB9;SLC25A10;GSR;PSMA6;DDC;PYCRL;PSMB7;SRM;DLAT;OAZ1;HSD17B10;CBS;PSMC3;PSME1;BCKDK;PSMD13;GLUL;HIBADH;PSMC4;PSMD5;GLUD1;PSMD8;RARS;PSMD3;DBT;NDUFAB1;AHCY;PAPSS1;TST;GRHPR;CNDP2;PCBD1;PSMD14;PHYKPL;LARS;LIPT2;PSMA1;PYCR2;OAZ2;PSMF1;SHMT1;GCSH;MCCC1;SMOX;LIAS;PSME4;PSTK;PSMA5;ALDH18A1;PSMD6;GCDH;GLS"
"118","Separation of Sister Chromatids Homo sapiens R-HSA-2467813",0.00425499574500425,0.0417556915776418,0.514045704684982,1.34239827795285,4254,111,"UBA52;PSMB3;PSMB8;PSMA7;PSMB2;PSMB6;PSMA3;PSMB10;PSMA4;PSMD4;PSMB5;PSMB1;PSME2;PSMA2;PDS5A;UBB;RCC2;PSMB4;PSMB9;STAG2;RAD21;SEC13;PSMA6;PSMB7;PTTG1;PSMC3;PPP2CB;PSME1;PSMD13;PSMC4;PSMD5;PSMD8;PSMD3;UBC;PPP2R1A;ANAPC2;CDC16;PSMD14;ANAPC15;CLASP1;TAOK1;CDC26;PPP1CC;PSMA1;PSMF1"
"119","MAPK family signaling cascades Homo sapiens R-HSA-5683057",0.00135999864000136,0.0192492115200192,0.505852780354447,1.3382384192137,1359,154,"UBA52;PSMB3;PSMB8;PSMA7;PSMB2;CALM1;ERBB3;PSMB6;PSMA3;PSMB10;PSMA4;PSMD4;PSMB5;PSMB1;PSME2;PSMA2;SRC;LAMTOR2;RBX1;UBB;PSMB4;PSMB9;ARRB1;CDC42EP3;DUSP6;MYC;PSMA6;PSMB7;KRAS;CSK;TNRC6A;RAC1;PSMC3;CDC42EP5;PPP2CB;PSME1;DNAJB1;FOXO1;PSMD13;DUSP1;HBEGF;SPTAN1;PSMC4;PSMD5;CAMK2D;RAF1;SOS1;PSMD8;PSMD3;PAK1;PHB;UBC;PPP2R1A;JUN;ERBB2;PPP5C;MAP2K1;DAB2IP;MAP3K11;IQGAP1;PSMD14;RAP1A;BRAP;CNKSR1;RASA1;GRB2;PSMA1;PSMF1;SPRED2;SHC1;DUSP5;YWHAB;FOXO3;PSME4;IL6ST;SEPT7;PSMA5;MAP2K2;PTPRA;PSMD6"
"120","Regulation of Insulin-like Growth Factor (IGF) transport and uptake by Insulin-like Growth Factor Binding Proteins (IGFBPs) Homo sapiens R-HSA-381426",0.00276942443527519,0.0295405273096021,0.998734614057287,1.33128890570031,1385,1,"KLK1"
"121","DAP12 signaling Homo sapiens R-HSA-2424491",0.000838999161000839,0.017067277377798,0.498226538470768,1.32619912455698,838,184,"PRKAR2B;UBA52;PSMB3;PSMB8;PSMA7;PSMB2;CALM1;ERBB3;PSMB6;PSMA3;PSMB10;PSMA4;PSMD4;PSMB5;PSMB1;PSME2;PSMA2;ADCY6;SRC;LAMTOR2;RBX1;UBB;PSMB4;PSMB9;ARRB1;DUSP6;PSMA6;PRKCD;PSMB7;INSR;RICTOR;BAD;KRAS;CSK;TNRC6A;RAC1;PSMC3;PPP2CB;PSME1;FOXO1;PSMD13;DUSP1;HBEGF;SPTAN1;PSMC4;PSMD5;CAMK2D;RAF1;B2M;PIP4K2C;SOS1;PRKCE;PSMD8;PSMD3;PHB;CREB1;UBC;PPP2R1A;ERBB2;PPP5C;PIP5K1B;MAP2K1;DAB2IP;PRKAR2A;MAP3K11;IQGAP1;PSMD14;RAP1A;BRAP;SYK;PTEN;CNKSR1;RASA1;GRB2;PSMA1;PSMF1;SPRED2;SHC1;GSK3B;DUSP5;YWHAB;TSC2;PDPK1;FOXO3;PSME4;PSMA5;MAP2K2;PTPRA;PSMD6;GSK3A"
"122","DAP12 interactions Homo sapiens R-HSA-2172127",0.000838999161000839,0.017067277377798,0.498226538470768,1.32619912455698,838,184,"PRKAR2B;UBA52;PSMB3;PSMB8;PSMA7;PSMB2;CALM1;ERBB3;PSMB6;PSMA3;PSMB10;PSMA4;PSMD4;PSMB5;PSMB1;PSME2;PSMA2;ADCY6;SRC;LAMTOR2;RBX1;UBB;PSMB4;PSMB9;ARRB1;DUSP6;PSMA6;PRKCD;PSMB7;INSR;RICTOR;BAD;KRAS;CSK;TNRC6A;RAC1;PSMC3;PPP2CB;PSME1;FOXO1;PSMD13;DUSP1;HBEGF;SPTAN1;PSMC4;PSMD5;CAMK2D;RAF1;B2M;PIP4K2C;SOS1;PRKCE;PSMD8;PSMD3;PHB;CREB1;UBC;PPP2R1A;ERBB2;PPP5C;PIP5K1B;MAP2K1;DAB2IP;PRKAR2A;MAP3K11;IQGAP1;PSMD14;RAP1A;BRAP;SYK;PTEN;CNKSR1;RASA1;GRB2;PSMA1;PSMF1;SPRED2;SHC1;GSK3B;DUSP5;YWHAB;TSC2;PDPK1;FOXO3;PSME4;PSMA5;MAP2K2;PTPRA;PSMD6;GSK3A"
"123","TCF dependent signaling in response to WNT Homo sapiens R-HSA-201681",0.00350499649500351,0.035338046853734,0.502895651247537,1.32304389867324,3504,133,"UBA52;PSMB3;PSMB8;PSMA7;PSMB2;H2AFZ;PSMB6;PSMA3;PSMB10;PSMA4;TCF7L2;PSMD4;PSMB5;TLE4;PSMB1;PSME2;PSMA2;FZD5;RBX1;UBB;PSMB4;PSMB9;LRP6;SOX9;AXIN1;EP300;MYC;PSMA6;PSMB7;PSMC3;PPP2CB;PSME1;PSMD13;PSMC4;PSMD5;KREMEN1;TNKS2;FZD1;PSMD8;PSMD3;UBC;TRRAP;PPP2R1A;PIP5K1B;USP34;LGR4;CTNNBIP1;PSMD14;CHD8;CSNK2A1;HIST1H2BC;TNKS;XIAP;HDAC1;PSMA1;PSMF1;GSK3B;YWHAZ;PSME4;CSNK1G2;PSMA5;CTBP1;CSNK2A2;PSMD6;AXIN2"
"124","IGF1R signaling cascade Homo sapiens R-HSA-2428924",0.00166799833200167,0.0225216,0.498456487782835,1.32165168572114,1667,164,"UBA52;PSMB3;PSMB8;PSMA7;PSMB2;CALM1;LAMTOR4;ERBB3;PSMB6;PSMA3;PSMB10;PSMA4;PSMD4;PSMB5;PSMB1;PSME2;PSMA2;SRC;LAMTOR2;PRKAB1;IGF1R;RBX1;UBB;PSMB4;PSMB9;ARRB1;DUSP6;LAMTOR1;PSMA6;PSMB7;KRAS;CSK;PSMC3;EEF2K;PPP2CB;PSME1;PSMD13;DUSP1;HBEGF;EIF4G1;SPTAN1;PSMC4;EIF4B;PSMD5;CAMK2D;RAF1;SOS1;PRKAG2;PSMD8;PSMD3;PHB;UBC;PPP2R1A;ERBB2;PPP5C;MAP2K1;DAB2IP;MAP3K11;IQGAP1;PSMD14;RRAGC;RAP1A;BRAP;CNKSR1;RASA1;GRB2;PSMA1;PSMF1;SPRED2;SHC1;PIK3R4;DUSP5;YWHAB;TSC2;PDPK1;PSME4;STK11;PSMA5;MAP2K2;PTPRA;PSMD6"
"125","Signaling by Type 1 Insulin-like Growth Factor 1 Receptor (IGF1R) Homo sapiens R-HSA-2404192",0.00166799833200167,0.0225216,0.498456487782835,1.32165168572114,1667,164,"UBA52;PSMB3;PSMB8;PSMA7;PSMB2;CALM1;LAMTOR4;ERBB3;PSMB6;PSMA3;PSMB10;PSMA4;PSMD4;PSMB5;PSMB1;PSME2;PSMA2;SRC;LAMTOR2;PRKAB1;IGF1R;RBX1;UBB;PSMB4;PSMB9;ARRB1;DUSP6;LAMTOR1;PSMA6;PSMB7;KRAS;CSK;PSMC3;EEF2K;PPP2CB;PSME1;PSMD13;DUSP1;HBEGF;EIF4G1;SPTAN1;PSMC4;EIF4B;PSMD5;CAMK2D;RAF1;SOS1;PRKAG2;PSMD8;PSMD3;PHB;UBC;PPP2R1A;ERBB2;PPP5C;MAP2K1;DAB2IP;MAP3K11;IQGAP1;PSMD14;RRAGC;RAP1A;BRAP;CNKSR1;RASA1;GRB2;PSMA1;PSMF1;SPRED2;SHC1;PIK3R4;DUSP5;YWHAB;TSC2;PDPK1;PSME4;STK11;PSMA5;MAP2K2;PTPRA;PSMD6"
"126","IRS-related events triggered by IGF1R Homo sapiens R-HSA-2428928",0.00166799833200167,0.0225216,0.498456487782835,1.32165168572114,1667,164,"UBA52;PSMB3;PSMB8;PSMA7;PSMB2;CALM1;LAMTOR4;ERBB3;PSMB6;PSMA3;PSMB10;PSMA4;PSMD4;PSMB5;PSMB1;PSME2;PSMA2;SRC;LAMTOR2;PRKAB1;IGF1R;RBX1;UBB;PSMB4;PSMB9;ARRB1;DUSP6;LAMTOR1;PSMA6;PSMB7;KRAS;CSK;PSMC3;EEF2K;PPP2CB;PSME1;PSMD13;DUSP1;HBEGF;EIF4G1;SPTAN1;PSMC4;EIF4B;PSMD5;CAMK2D;RAF1;SOS1;PRKAG2;PSMD8;PSMD3;PHB;UBC;PPP2R1A;ERBB2;PPP5C;MAP2K1;DAB2IP;MAP3K11;IQGAP1;PSMD14;RRAGC;RAP1A;BRAP;CNKSR1;RASA1;GRB2;PSMA1;PSMF1;SPRED2;SHC1;PIK3R4;DUSP5;YWHAB;TSC2;PDPK1;PSME4;STK11;PSMA5;MAP2K2;PTPRA;PSMD6"
"127","Insulin receptor signalling cascade Homo sapiens R-HSA-74751",0.00172699827300173,0.0228289579386176,0.498028078576509,1.32051576360237,1726,164,"UBA52;PSMB3;PSMB8;PSMA7;PSMB2;CALM1;LAMTOR4;ERBB3;PSMB6;PSMA3;PSMB10;PSMA4;PSMD4;PSMB5;PSMB1;PSME2;PSMA2;SRC;LAMTOR2;PRKAB1;RBX1;UBB;PSMB4;PSMB9;ARRB1;DUSP6;LAMTOR1;PSMA6;PSMB7;INSR;KRAS;CSK;PSMC3;EEF2K;PPP2CB;PSME1;PSMD13;DUSP1;HBEGF;EIF4G1;SPTAN1;PSMC4;EIF4B;PSMD5;CAMK2D;RAF1;SOS1;PRKAG2;PSMD8;PSMD3;PHB;UBC;PPP2R1A;ERBB2;PPP5C;MAP2K1;DAB2IP;MAP3K11;IQGAP1;PSMD14;RRAGC;RAP1A;BRAP;CNKSR1;RASA1;GRB2;PSMA1;PSMF1;SPRED2;SHC1;PIK3R4;DUSP5;YWHAB;TSC2;PDPK1;PSME4;STK11;PSMA5;MAP2K2;PTPRA;PSMD6"
"128","Downstream signaling of activated FGFR1 Homo sapiens R-HSA-5654687",0.00112799887200113,0.0182120668943161,0.495308999479929,1.31797998851928,1127,182,"PRKAR2B;UBA52;PSMB3;PSMB8;PSMA7;PSMB2;CALM1;ERBB3;PSMB6;PSMA3;PSMB10;PSMA4;PSMD4;PSMB5;PSMB1;PSME2;PSMA2;ADCY6;SRC;LAMTOR2;RBX1;UBB;PSMB4;PSMB9;ARRB1;DUSP6;PSMA6;PRKCD;PSMB7;INSR;RICTOR;BAD;KRAS;CSK;TNRC6A;PSMC3;PPP2CB;PSME1;FOXO1;PSMD13;DUSP1;HBEGF;SPTAN1;PSMC4;PSMD5;CAMK2D;RAF1;PIP4K2C;SOS1;PRKCE;PSMD8;PSMD3;PHB;CREB1;UBC;PPP2R1A;FLRT3;ERBB2;PPP5C;PIP5K1B;MAP2K1;DAB2IP;PRKAR2A;MAP3K11;IQGAP1;PSMD14;RAP1A;BRAP;PTEN;CNKSR1;RASA1;GRB2;PSMA1;PSMF1;SPRED2;SHC1;GSK3B;DUSP5;YWHAB;TSC2;PDPK1;FOXO3;PSME4;PSMA5;MAP2K2;PTPRA;PSMD6;GSK3A"
"129","IRS-mediated signalling Homo sapiens R-HSA-112399",0.00201699798300202,0.0245495291694791,0.496086555565956,1.3150642432496,2016,163,"UBA52;PSMB3;PSMB8;PSMA7;PSMB2;CALM1;LAMTOR4;ERBB3;PSMB6;PSMA3;PSMB10;PSMA4;PSMD4;PSMB5;PSMB1;PSME2;PSMA2;SRC;LAMTOR2;PRKAB1;RBX1;UBB;PSMB4;PSMB9;ARRB1;DUSP6;LAMTOR1;PSMA6;PSMB7;KRAS;CSK;PSMC3;EEF2K;PPP2CB;PSME1;PSMD13;DUSP1;HBEGF;EIF4G1;SPTAN1;PSMC4;EIF4B;PSMD5;CAMK2D;RAF1;SOS1;PRKAG2;PSMD8;PSMD3;PHB;UBC;PPP2R1A;ERBB2;PPP5C;MAP2K1;DAB2IP;MAP3K11;IQGAP1;PSMD14;RRAGC;RAP1A;BRAP;CNKSR1;RASA1;GRB2;PSMA1;PSMF1;SPRED2;SHC1;PIK3R4;DUSP5;YWHAB;TSC2;PDPK1;PSME4;STK11;PSMA5;MAP2K2;PTPRA;PSMD6"
"130","Downstream signaling of activated FGFR2 Homo sapiens R-HSA-5654696",0.0013009986990013,0.0187358259243682,0.493994010902723,1.31422332789802,1300,181,"PRKAR2B;UBA52;PSMB3;PSMB8;PSMA7;PSMB2;CALM1;ERBB3;PSMB6;PSMA3;PSMB10;PSMA4;PSMD4;PSMB5;PSMB1;PSME2;PSMA2;ADCY6;SRC;LAMTOR2;RBX1;UBB;PSMB4;PSMB9;ARRB1;DUSP6;PSMA6;PRKCD;PSMB7;INSR;RICTOR;BAD;KRAS;CSK;TNRC6A;PSMC3;PPP2CB;PSME1;FOXO1;PSMD13;DUSP1;HBEGF;SPTAN1;PSMC4;PSMD5;CAMK2D;RAF1;PIP4K2C;SOS1;PRKCE;PSMD8;PSMD3;PHB;CREB1;UBC;PPP2R1A;ERBB2;PPP5C;PIP5K1B;MAP2K1;DAB2IP;PRKAR2A;MAP3K11;IQGAP1;PSMD14;RAP1A;BRAP;PTEN;CNKSR1;RASA1;GRB2;PSMA1;PSMF1;SPRED2;SHC1;GSK3B;DUSP5;YWHAB;TSC2;PDPK1;FOXO3;PSME4;PSMA5;MAP2K2;PTPRA;PSMD6;GSK3A"
"131","Downstream signaling of activated FGFR4 Homo sapiens R-HSA-5654716",0.0013009986990013,0.0187358259243682,0.493994010902723,1.31422332789802,1300,181,"PRKAR2B;UBA52;PSMB3;PSMB8;PSMA7;PSMB2;CALM1;ERBB3;PSMB6;PSMA3;PSMB10;PSMA4;PSMD4;PSMB5;PSMB1;PSME2;PSMA2;ADCY6;SRC;LAMTOR2;RBX1;UBB;PSMB4;PSMB9;ARRB1;DUSP6;PSMA6;PRKCD;PSMB7;INSR;RICTOR;BAD;KRAS;CSK;TNRC6A;PSMC3;PPP2CB;PSME1;FOXO1;PSMD13;DUSP1;HBEGF;SPTAN1;PSMC4;PSMD5;CAMK2D;RAF1;PIP4K2C;SOS1;PRKCE;PSMD8;PSMD3;PHB;CREB1;UBC;PPP2R1A;ERBB2;PPP5C;PIP5K1B;MAP2K1;DAB2IP;PRKAR2A;MAP3K11;IQGAP1;PSMD14;RAP1A;BRAP;PTEN;CNKSR1;RASA1;GRB2;PSMA1;PSMF1;SPRED2;SHC1;GSK3B;DUSP5;YWHAB;TSC2;PDPK1;FOXO3;PSME4;PSMA5;MAP2K2;PTPRA;PSMD6;GSK3A"
"132","Downstream signaling of activated FGFR3 Homo sapiens R-HSA-5654708",0.0013009986990013,0.0187358259243682,0.493994010902723,1.31422332789802,1300,181,"PRKAR2B;UBA52;PSMB3;PSMB8;PSMA7;PSMB2;CALM1;ERBB3;PSMB6;PSMA3;PSMB10;PSMA4;PSMD4;PSMB5;PSMB1;PSME2;PSMA2;ADCY6;SRC;LAMTOR2;RBX1;UBB;PSMB4;PSMB9;ARRB1;DUSP6;PSMA6;PRKCD;PSMB7;INSR;RICTOR;BAD;KRAS;CSK;TNRC6A;PSMC3;PPP2CB;PSME1;FOXO1;PSMD13;DUSP1;HBEGF;SPTAN1;PSMC4;PSMD5;CAMK2D;RAF1;PIP4K2C;SOS1;PRKCE;PSMD8;PSMD3;PHB;CREB1;UBC;PPP2R1A;ERBB2;PPP5C;PIP5K1B;MAP2K1;DAB2IP;PRKAR2A;MAP3K11;IQGAP1;PSMD14;RAP1A;BRAP;PTEN;CNKSR1;RASA1;GRB2;PSMA1;PSMF1;SPRED2;SHC1;GSK3B;DUSP5;YWHAB;TSC2;PDPK1;FOXO3;PSME4;PSMA5;MAP2K2;PTPRA;PSMD6;GSK3A"
"133","Signaling by FGFR4 Homo sapiens R-HSA-5654743",0.00127899872100128,0.0187358259243682,0.493084520060575,1.31251189638365,1278,184,"PRKAR2B;UBA52;PSMB3;PSMB8;PSMA7;PSMB2;CALM1;ERBB3;PSMB6;PSMA3;PSMB10;PSMA4;PSMD4;PSMB5;PSMB1;PSME2;PSMA2;ADCY6;SRC;LAMTOR2;RBX1;UBB;PSMB4;PSMB9;ARRB1;DUSP6;PSMA6;PRKCD;PSMB7;INSR;RICTOR;BAD;KRAS;CSK;TNRC6A;PSMC3;PPP2CB;PSME1;FOXO1;PSMD13;DUSP1;HBEGF;CBL;SPTAN1;PSMC4;PSMD5;CAMK2D;RAF1;PIP4K2C;SOS1;PRKCE;PSMD8;PSMD3;PHB;CREB1;UBC;PPP2R1A;ERBB2;PPP5C;PIP5K1B;MAP2K1;DAB2IP;PRKAR2A;MAP3K11;IQGAP1;PSMD14;RAP1A;BRAP;PTEN;CNKSR1;RASA1;GRB2;PSMA1;PSMF1;SPRED2;SHC1;GSK3B;DUSP5;YWHAB;TSC2;PDPK1;FOXO3;PSME4;PSMA5;MAP2K2;PTPRA;PSMD6;GSK3A"
"134","Signaling by FGFR1 Homo sapiens R-HSA-5654736",0.00122499877500123,0.0187358259243682,0.492647377628047,1.31181541519808,1224,186,"PRKAR2B;UBA52;PSMB3;PSMB8;PSMA7;PSMB2;CALM1;ERBB3;PSMB6;PSMA3;PSMB10;PSMA4;PSMD4;PSMB5;PSMB1;PSME2;PSMA2;ADCY6;SRC;LAMTOR2;RBX1;UBB;PSMB4;PSMB9;ARRB1;DUSP6;PSMA6;PRKCD;PSMB7;INSR;RICTOR;BAD;KRAS;CSK;TNRC6A;PSMC3;PPP2CB;PSME1;FOXO1;PSMD13;DUSP1;HBEGF;CBL;SPTAN1;PSMC4;PSMD5;CAMK2D;RAF1;PIP4K2C;SOS1;PRKCE;PSMD8;PSMD3;PHB;CREB1;UBC;PPP2R1A;FLRT3;ERBB2;PPP5C;PIP5K1B;MAP2K1;DAB2IP;PRKAR2A;MAP3K11;IQGAP1;PSMD14;RAP1A;BRAP;PTEN;CNKSR1;RASA1;GRB2;PSMA1;PSMF1;SPRED2;SHC1;GSK3B;DUSP5;YWHAB;TSC2;PDPK1;FOXO3;PSME4;PSMA5;MAP2K2;PTPRA;PSMD6;GSK3A"
"135","Signaling by FGFR3 Homo sapiens R-HSA-5654741",0.00131099868900131,0.0187358259243682,0.492276823889882,1.310597642472,1310,185,"PRKAR2B;UBA52;PSMB3;PSMB8;PSMA7;PSMB2;CALM1;ERBB3;PSMB6;PSMA3;PSMB10;PSMA4;PSMD4;PSMB5;PSMB1;PSME2;PSMA2;ADCY6;SRC;LAMTOR2;RBX1;UBB;PSMB4;PSMB9;ARRB1;DUSP6;PSMA6;PRKCD;PSMB7;INSR;RICTOR;BAD;KRAS;CSK;TNRC6A;PSMC3;PPP2CB;PSME1;FOXO1;PSMD13;DUSP1;HBEGF;CBL;SPTAN1;PSMC4;PSMD5;CAMK2D;RAF1;PIP4K2C;SOS1;PRKCE;PSMD8;PSMD3;PHB;CREB1;UBC;PPP2R1A;ERBB2;PPP5C;PIP5K1B;MAP2K1;DAB2IP;PRKAR2A;MAP3K11;IQGAP1;PSMD14;RAP1A;BRAP;PTEN;CNKSR1;RASA1;GRB2;PSMA1;PSMF1;SPRED2;SHC1;GSK3B;DUSP5;YWHAB;TSC2;PDPK1;FOXO3;PSME4;PSMA5;MAP2K2;PTPRA;PSMD6;GSK3A"
"136","Fc epsilon receptor (FCERI) signaling Homo sapiens R-HSA-2454202",0.000886999113000887,0.0174088359244974,0.489173193116361,1.3068758683845,886,207,"UBA52;PSMB3;PSMB8;PSMA7;PSMB2;CALM1;ERBB3;PSMB6;PSMA3;PSMB10;PSMA4;PSMD4;PSMB5;PSMB1;PSME2;PSMA2;SRC;LAMTOR2;RBX1;FOS;UBB;PSMB4;PSMB9;ARRB1;DUSP6;PSMA6;PSMB7;INSR;RICTOR;BAD;NFKB1;KRAS;CSK;TNRC6A;RAC1;PSMC3;PPP3CA;PPP2CB;PSME1;FOXO1;PSMD13;DUSP1;HBEGF;TAB2;SPTAN1;PSMC4;CDC34;PPP3R1;PSMD5;CAMK2D;RAF1;PIP4K2C;SOS1;PSMD8;PSMD3;PAK1;PHB;CREB1;UBC;PPP2R1A;JUN;ERBB2;PPP5C;PIP5K1B;MAP2K1;MAPK9;DAB2IP;NFATC3;MAP3K11;IQGAP1;PSMD14;RAP1A;FBXW11;BRAP;CUL1;SYK;PTEN;CNKSR1;RASA1;GRB2;PSMA1;PSMF1;SPRED2;SHC1;PPP3CB;GSK3B;MAP3K1;BCL10;DUSP5;YWHAB;TSC2;PDPK1;FOXO3;PSME4;PSMA5;MAP2K2;PTPRA;PSMD6;GSK3A"
"137","Axon guidance Homo sapiens R-HSA-422475",0.000345999654000346,0.0153167414400153,0.485243716274017,1.30401775357922,345,254,"UBA52;PSMB3;HSPA8;ACTB;PSMB8;PSMA7;PSMB2;CALM1;ERBB3;AP2S1;PSMB6;PSMA3;PSMB10;LIMK2;PSMA4;PSENEN;PSMD4;MYL6;PSMB5;PFN1;PSMB1;PSME2;PSMA2;ITGA1;RHOB;SRC;ARPC3;LAMTOR2;MYH14;RBX1;UBB;PSMB4;PSMB9;ARRB1;RGMB;ABLIM1;DUSP6;PSMA6;YES1;PSMB7;SEMA5A;KRAS;CSK;PITPNA;RAC1;PSMC3;NGEF;PPP2CB;PSME1;PAK4;PSMD13;MYL12B;DUSP1;EZR;HBEGF;ARHGAP39;SOS2;SPTAN1;PSMC4;PSMD5;CAMK2D;RAF1;SOS1;ACTR3;SEMA4A;PSMD8;PSMD3;ROCK1;PAK1;PHB;EFNB2;CREB1;ITSN1;ALCAM;UBC;PPP2R1A;VEGFA;DLG3;RANBP9;ERBB2;PPP5C;MAP2K1;DOCK1;DAB2IP;WASL;RHOG;MAP3K11;IQGAP1;PSMD14;RAP1A;CFL1;BRAP;CLASP1;CSNK2A1;ARHGEF28;CNKSR1;RASA1;SEMA6A;PRNP;GRB2;ARPC4;PSMA1;ARHGAP35;PSMF1;SPRED2;SHC1;GSK3B;CLTB;DUSP5;YWHAB;UNC5B;PSME4;SEMA6D;PSMA5;CSNK2A2;MAP2K2;PTPRA;PSMD6;EFNB1"
"138","Signaling by Insulin receptor Homo sapiens R-HSA-74752",0.00187399812600187,0.0237803900127134,0.490055908475845,1.30324856398104,1873,179,"UBA52;PSMB3;PSMB8;PSMA7;PSMB2;CALM1;LAMTOR4;ERBB3;PSMB6;PSMA3;PSMB10;PSMA4;PSMD4;PSMB5;PSMB1;PSME2;PSMA2;ATP6V1F;SRC;LAMTOR2;PRKAB1;RBX1;UBB;PSMB4;PSMB9;ARRB1;DUSP6;LAMTOR1;PSMA6;PSMB7;INSR;KRAS;CSK;PSMC3;EEF2K;PPP2CB;PSME1;PSMD13;DUSP1;HBEGF;ATP6V0A2;EIF4G1;SPTAN1;PSMC4;EIF4B;PSMD5;CAMK2D;RAF1;SOS1;PRKAG2;PSMD8;PSMD3;PHB;UBC;PPP2R1A;ERBB2;PPP5C;MAP2K1;ATP6V0B;ATP6V0D1;DAB2IP;MAP3K11;IQGAP1;PSMD14;ATP6V1A;RRAGC;RAP1A;BRAP;CNKSR1;RASA1;ATP6V1E1;GRB2;PSMA1;PSMF1;SPRED2;SHC1;PIK3R4;DUSP5;YWHAB;TSC2;PDPK1;PSME4;STK11;PSMA5;MAP2K2;PTPRA;PSMD6"
"139","Signaling by Wnt Homo sapiens R-HSA-195721",0.00184099815900184,0.0235647764352236,0.489375304616428,1.30193570616134,1840,181,"UBA52;PSMB3;PSMB8;PSMA7;PSMB2;CALM1;AP2S1;H2AFZ;PSMB6;PSMA3;PSMB10;PSMA4;TCF7L2;PSMD4;PSMB5;PFN1;TLE4;PSMB1;PSME2;PSMA2;FZD5;GNB2;RBX1;UBB;PSMB4;PSMB9;LRP6;SOX9;GNG11;AXIN1;EP300;MYC;PSMA6;PSMB7;TNRC6A;RAC1;PSMC3;PPP3CA;VPS29;PPP2CB;PSME1;PSMD13;PSMC4;PPP3R1;PSMD5;KREMEN1;TNKS2;FZD1;PSMD8;PSMD3;UBC;TRRAP;PPP2R1A;PIP5K1B;USP34;LGR4;CTNNBIP1;PSMD14;AES;CHD8;WLS;CUL1;GNG5;CSNK2A1;HIST1H2BC;TNKS;XIAP;HDAC1;PSMA1;PSMF1;PPP3CB;GSK3B;CLTB;YWHAZ;PSME4;TMED5;CSNK1G2;PSMA5;CTBP1;CSNK2A2;PLCB3;PSMD6;VPS26A;AXIN2"
"140","VEGFA-VEGFR2 Pathway Homo sapiens R-HSA-4420097",0.00201799798200202,0.0245495291694791,0.489193578465522,1.30095529431896,2017,179,"UBA52;PSMB3;PSMB8;PSMA7;CYBA;PSMB2;CALM1;ERBB3;PSMB6;PSMA3;PSMB10;PSMA4;PSMD4;PSMB5;PSMB1;PSME2;PSMA2;SRC;LAMTOR2;RBX1;UBB;PSMB4;PSMB9;ARRB1;ABI1;DUSP6;PSMA6;PRKCD;PSMB7;RICTOR;KRAS;CSK;RAC1;CRK;PSMC3;JUP;PPP2CB;PSME1;PSMD13;DUSP1;HBEGF;SPTAN1;PSMC4;PRKCZ;PSMD5;CAMK2D;RAF1;SOS1;PSMD8;PSMD3;ROCK1;PAK1;PHB;CTNND1;UBC;PPP2R1A;VEGFA;PXN;ERBB2;PPP5C;MAP2K1;MAPKAPK3;DOCK1;DAB2IP;WASF2;MAP3K11;IQGAP1;PSMD14;RAP1A;BRAP;BRK1;CNKSR1;RASA1;GRB2;PSMA1;PSMF1;SPRED2;SHC1;DUSP5;YWHAB;PDPK1;PSME4;PSMA5;MAP2K2;PTPRA;PSMD6;CTNNA1"
"141","Signaling by the B Cell Receptor (BCR) Homo sapiens R-HSA-983705",0.00434399565600434,0.0423467656002543,0.492443700553238,1.30020790494735,4343,146,"UBA52;PSMB3;PSMB8;PSMA7;PSMB2;CALM1;ERBB3;PSMB6;PSMA3;PSMB10;PSMA4;PSMD4;PSMB5;PSMB1;PSME2;PSMA2;SRC;UBB;PSMB4;PSMB9;PSMA6;PSMB7;INSR;RICTOR;BAD;NFKB1;KRAS;TNRC6A;PSMC3;PPP2CB;PSME1;FOXO1;PSMD13;HBEGF;CBL;PSMC4;PSMD5;STIM1;PIP4K2C;SOS1;PSMD8;PSMD3;CREB1;UBC;PPP2R1A;ERBB2;PIP5K1B;BLNK;PSMD14;FBXW11;CUL1;SYK;PTEN;GRB2;PSMA1;PSMF1;SHC1;GSK3B;BCL10;TSC2;PDPK1;FOXO3;PSME4;PSMA5;ORAI1;PSMD6;GSK3A"
"142","Signaling by VEGF Homo sapiens R-HSA-194138",0.00207999792000208,0.024988072572903,0.487942076942906,1.29812274243878,2079,181,"UBA52;PSMB3;PSMB8;PSMA7;CYBA;PSMB2;CALM1;ERBB3;PSMB6;PSMA3;PSMB10;PSMA4;PSMD4;PSMB5;PSMB1;PSME2;PSMA2;SRC;LAMTOR2;RBX1;UBB;PSMB4;PSMB9;ARRB1;ABI1;DUSP6;PSMA6;PRKCD;PSMB7;RICTOR;KRAS;CSK;RAC1;CRK;PSMC3;JUP;PPP2CB;PSME1;PSMD13;DUSP1;HBEGF;SPTAN1;PSMC4;PRKCZ;PSMD5;CAMK2D;RAF1;SOS1;PSMD8;PSMD3;ROCK1;PAK1;PHB;CTNND1;UBC;PPP2R1A;VEGFA;PXN;ERBB2;PPP5C;MAP2K1;MAPKAPK3;DOCK1;DAB2IP;WASF2;MAP3K11;IQGAP1;PSMD14;RAP1A;BRAP;BRK1;CNKSR1;RASA1;GRB2;PSMA1;PSMF1;SPRED2;SHC1;DUSP5;YWHAB;PDPK1;PSME4;PSMA5;MAP2K2;PTPRA;PSMD6;CTNNA1"
"143","Signaling by FGFR2 Homo sapiens R-HSA-5654738",0.00113699886300114,0.0182120668943161,0.484857281023699,1.29608421069994,1136,211,"PRKAR2B;UBA52;PSMB3;PSMB8;PSMA7;PSMB2;CALM1;ERBB3;FGFBP1;PSMB6;PSMA3;PSMB10;PSMA4;PSMD4;PSMB5;POLR2E;PSMB1;PSME2;PSMA2;POLR2J;ADCY6;SRC;LAMTOR2;POLR2F;RBX1;UBB;PSMB4;PSMB9;TIAL1;ARRB1;DUSP6;PSMA6;PRKCD;PSMB7;INSR;RICTOR;BAD;KRAS;CSK;TNRC6A;PSMC3;PPP2CB;PSME1;FOXO1;ESRP1;PSMD13;DUSP1;HBEGF;CBL;HNRNPM;SPTAN1;PSMC4;PSMD5;CAMK2D;RAF1;PIP4K2C;SOS1;PRKCE;POLR2H;PSMD8;PSMD3;PHB;CREB1;UBC;PPP2R1A;ERBB2;PPP5C;PIP5K1B;MAP2K1;DAB2IP;PRKAR2A;MAP3K11;IQGAP1;PSMD14;RAP1A;BRAP;PTEN;CNKSR1;RASA1;GRB2;PSMA1;PSMF1;SPRED2;SHC1;GSK3B;PTBP1;GTF2F2;DUSP5;YWHAB;TSC2;PDPK1;FOXO3;PSME4;PSMA5;MAP2K2;PTPRA;PSMD6;GSK3A"
"144","Signaling by FGFR Homo sapiens R-HSA-190236",0.00116299883700116,0.0182120668943161,0.48383653622103,1.29389233991281,1162,214,"PRKAR2B;UBA52;PSMB3;PSMB8;PSMA7;PSMB2;CALM1;ERBB3;FGFBP1;PSMB6;PSMA3;PSMB10;PSMA4;PSMD4;PSMB5;POLR2E;PSMB1;PSME2;PSMA2;POLR2J;ADCY6;SRC;LAMTOR2;POLR2F;RBX1;UBB;PSMB4;PSMB9;TIAL1;ARRB1;DUSP6;PSMA6;PRKCD;PSMB7;INSR;RICTOR;BAD;KRAS;CSK;TNRC6A;PSMC3;PPP2CB;PSME1;FOXO1;ESRP1;PSMD13;DUSP1;HBEGF;CBL;HNRNPM;SPTAN1;PSMC4;PSMD5;CAMK2D;RAF1;PIP4K2C;SOS1;PRKCE;POLR2H;PSMD8;PSMD3;PHB;CREB1;UBC;PPP2R1A;FLRT3;ERBB2;PPP5C;PIP5K1B;MAP2K1;DAB2IP;PRKAR2A;MAP3K11;IQGAP1;PSMD14;RAP1A;BRAP;PTEN;CNKSR1;RASA1;GRB2;PSMA1;PSMF1;SPRED2;SHC1;GSK3B;PTBP1;GTF2F2;DUSP5;YWHAB;TSC2;PDPK1;FOXO3;PSME4;PSMA5;MAP2K2;PTPRA;PSMD6;GSK3A"
"145","Signaling by SCF-KIT Homo sapiens R-HSA-1433557",0.00228099771900228,0.0259678518947435,0.485649649586386,1.29272146381391,2280,184,"UBA52;PSMB3;PSMB8;PSMA7;PSMB2;CALM1;ERBB3;PSMB6;PSMA3;PSMB10;PSMA4;PSMD4;PSMB5;PSMB1;PSME2;PSMA2;SRC;LAMTOR2;RBX1;UBB;PSMB4;PSMB9;ARRB1;DUSP6;PSMA6;YES1;PSMB7;INSR;RICTOR;BAD;KRAS;CSK;TNRC6A;RAC1;PSMC3;PPP2CB;PSME1;FOXO1;PSMD13;DUSP1;HBEGF;CBL;SPTAN1;PSMC4;PSMD5;CAMK2D;RAF1;PIP4K2C;SOS1;PSMD8;PSMD3;PHB;CREB1;UBC;PPP2R1A;ERBB2;PPP5C;PIP5K1B;MAP2K1;DAB2IP;GRB7;MAP3K11;IQGAP1;PSMD14;RAP1A;BRAP;PTEN;CNKSR1;RASA1;GRB2;PSMA1;PSMF1;SPRED2;SHC1;GSK3B;DUSP5;YWHAB;TSC2;PDPK1;FOXO3;PSME4;PSMA5;MAP2K2;PTPRA;PSMD6;GSK3A"
"146","Signaling by ERBB4 Homo sapiens R-HSA-1236394",0.00231099768900231,0.0259678518947435,0.484016768285306,1.28925972913885,2310,188,"UBA52;PSMB3;PSMB8;PSMA7;PSMB2;CALM1;ERBB3;PSMB6;PSMA3;PSMB10;PSMA4;PSENEN;PSMD4;PSMB5;PSMB1;PSME2;PSMA2;SRC;LAMTOR2;RBX1;UBB;PSMB4;PSMB9;ARRB1;DUSP6;PSMA6;PSMB7;YAP1;INSR;RICTOR;BAD;KRAS;CSK;TNRC6A;PSMC3;PPP2CB;PSME1;ADAM17;FOXO1;PSMD13;DUSP1;HBEGF;TAB2;SPTAN1;PSMC4;PSMD5;CAMK2D;RAF1;PIP4K2C;SOS1;PSMD8;PSMD3;PHB;CREB1;UBC;PPP2R1A;SH2B1;ERBB2;PPP5C;PIP5K1B;MAP2K1;DAB2IP;MAP3K11;IQGAP1;PSMD14;RAP1A;BRAP;CUL1;PTEN;CNKSR1;RASA1;GRB2;PSMA1;PSMF1;SPRED2;SHC1;GSK3B;DUSP5;YWHAB;TSC2;NEDD4;PDPK1;FOXO3;PSME4;PSMA5;MAP2K2;PTPRA;PSMD6;GSK3A"
"147","Downstream signal transduction Homo sapiens R-HSA-186763",0.00293099706900293,0.0305987779118604,0.479043578926867,1.27706094739645,2930,193,"PRKAR2B;UBA52;PSMB3;PSMB8;PSMA7;PSMB2;CALM1;ERBB3;PSMB6;PSMA3;PSMB10;PSMA4;PSMD4;PSMB5;PSMB1;PSME2;PSMA2;ADCY6;SRC;LAMTOR2;RBX1;UBB;PSMB4;PSMB9;ARRB1;DUSP6;PSMA6;PRKCD;PSMB7;INSR;RICTOR;BAD;KRAS;CSK;TNRC6A;CRK;PSMC3;PPP2CB;PSME1;FOXO1;PSMD13;DUSP1;HBEGF;SPTAN1;PSMC4;PSMD5;CAMK2D;RAF1;PIP4K2C;SOS1;PRKCE;PSMD8;PSMD3;PHB;CREB1;UBC;PPP2R1A;ERBB2;PPP5C;PIP5K1B;MAP2K1;DAB2IP;PRKAR2A;GRB7;MAP3K11;IQGAP1;PSMD14;RAP1A;BRAP;PTEN;CNKSR1;RASA1;GRB2;PSMA1;PSMF1;SPRED2;SHC1;GSK3B;DUSP5;YWHAB;TSC2;PDPK1;FOXO3;PSME4;PSMA5;MAP2K2;PTPRA;PSMD6;GSK3A"
"148","Hemostasis Homo sapiens R-HSA-109582",0.00176099823900176,0.0228289579386176,0.476596523318444,1.2759249963773,1760,222,"CD74;CLU;PRKAR2B;CD63;TMSB4X;ACTN4;CALM1;TFPI;SLC16A1;CEACAM1;APOB;QSOX1;F11R;PFN1;HSPA5;ITGA1;DGKH;RHOB;PPIA;BRPF3;PDE5A;SRC;SOD1;GNB2;ATP2A3;GNA13;MFN1;LGALS3BP;ARRB1;S100A10;ANXA2;CXADR;GNG11;DGKA;KIF1C;EP300;PRKCD;GNA14;YES1;CD47;IRF2;CAPZA2;KRAS;CSK;RAC1;PDE3A;KIF5B;CRK;APP;ITGA6;PPP2CB;APLP2;GNAQ;TUBA4A;RCOR1;PRKCZ;JMJD1C;C1QBP;RAF1;STIM1;KDM1A;SOS1;PRKCE;KIF3B;SRI;CABLES1;ALDOA;ATP2B1;PPP2R1A;VEGFA;AK3;SH2B1;GATA6;KLC4;DOCK1;PRKAR2A;GRB7;KIF13B;RHOG;ITGA3;SIN3A;RAP1A;CFL1;DGKD;F3;GNG5;TIMP3;SYK;CBX5;GRB2;HDAC1;GNAI3;SHC1;CAPZB;CAPZA1;GNA11;ITPK1;PDPK1;YWHAZ;AKAP1;MERTK;ORAI1"
"149","Signaling by PDGF Homo sapiens R-HSA-186797",0.00315199684800315,0.0324457297920324,0.477307071453541,1.27285590362387,3151,195,"PRKAR2B;UBA52;PSMB3;PSMB8;PSMA7;PSMB2;CALM1;ERBB3;PSMB6;PSMA3;PSMB10;PSMA4;PSMD4;PSMB5;PSMB1;PSME2;PSMA2;ADCY6;SRC;LAMTOR2;RBX1;UBB;PSMB4;PSMB9;ARRB1;DUSP6;PSMA6;PRKCD;PSMB7;INSR;RICTOR;BAD;KRAS;CSK;TNRC6A;CRK;PSMC3;PPP2CB;PSME1;FOXO1;PSMD13;DUSP1;HBEGF;SPTAN1;PSMC4;PSMD5;CAMK2D;RAF1;PIP4K2C;SOS1;PRKCE;PSMD8;PSMD3;PHB;CREB1;UBC;PPP2R1A;ERBB2;PPP5C;PIP5K1B;MAP2K1;DAB2IP;PRKAR2A;GRB7;MAP3K11;IQGAP1;PSMD14;RAP1A;BRAP;PTEN;CNKSR1;RASA1;GRB2;PSMA1;PSMF1;SPRED2;SHC1;GSK3B;DUSP5;YWHAB;TSC2;PDPK1;FOXO3;PSME4;PSMA5;MAP2K2;THBS4;PTPRA;PSMD6;GSK3A"
"150","Signaling by EGFR Homo sapiens R-HSA-177929",0.00284399715600284,0.0299025986688299,0.476042395266145,1.27125641909222,2843,204,"PRKAR2B;UBA52;PSMB3;PSMB8;PSMA7;PSMB2;CALM1;ERBB3;AP2S1;PSMB6;PSMA3;PSMB10;PSMA4;PSMD4;PSMB5;PSMB1;PSME2;PSMA2;ADCY6;SRC;LAMTOR2;RBX1;UBB;PSMB4;EPS15;PSMB9;ARRB1;DUSP6;PSMA6;PRKCD;PSMB7;INSR;RICTOR;BAD;KRAS;CSK;TNRC6A;PSMC3;PPP2CB;PSME1;ADAM17;FOXO1;PSMD13;DUSP1;HBEGF;CBL;SPTAN1;PSMC4;PSMD5;CAMK2D;RAF1;PIP4K2C;SOS1;PRKCE;PSMD8;PSMD3;PHB;CREB1;UBC;PPP2R1A;PXN;ERBB2;PPP5C;PIP5K1B;MAP2K1;DAB2IP;PRKAR2A;MAP3K11;IQGAP1;PSMD14;RAP1A;BRAP;PTEN;CNKSR1;RASA1;GRB2;PSMA1;PSMF1;SPRED2;SHC1;GSK3B;DUSP5;YWHAB;TSC2;PAG1;PDPK1;FOXO3;PSME4;PSMA5;MAP2K2;PTPRA;PSMD6;GSK3A"
"151","HIV Infection Homo sapiens R-HSA-162906",0.00506899493100507,0.0487683695322841,0.474089289170106,1.26194963879091,5068,184,"CHMP2A;UBA52;PSMB3;PSMB8;PSMA7;PSMB2;AP2S1;NMT1;PSMB6;PSMA3;PSMB10;PSMA4;VPS28;PSMD4;PSMB5;POLR2E;PSMB1;RANBP1;PSME2;PSMA2;POLR2J;PPIA;POLR2F;RAN;SSRP1;TAF10;RBX1;UBB;PSMB4;PSMB9;PSMA6;GTF2H5;PSMB7;CHMP2B;RAC1;SLC25A5;PSMC3;GTF2H4;PSME1;AP1G1;NMT2;PSMD13;PSMC4;CHMP5;PSMD5;B2M;POLR2H;PSMD8;PSMD3;AP1S1;UBC"
"152","Diseases of signal transduction Homo sapiens R-HSA-5663202",0.00382499617500383,0.038302002514324,0.470878633882581,1.25818129672525,3824,208,"HES1;TTR;UBA52;PSMB3;PSMB8;PSMA7;PSMB2;ERBB3;PSMB6;PSMA3;PSMB10;PSMA4;TCF7L2;PSENEN;PSMD4;PSMB5;POLR2E;PSMB1;PSME2;PSMA2;POLR2J;FZD5;HDAC5;POLR2F;RBX1;UBB;PSMB4;TGFBR2;PSMB9;LRP6;AXIN1;EP300;MYC;PSMA6;PSMB7;RICTOR;NOTCH1;BAD;KRAS;VCP;MYO18A;PSMC3;NEURL1B;PPP2CB;PSME1;ADAM17;FOXO1;PSMD13;HBEGF;CBL;KAT2B;PSMC4;PSMD5;KREMEN1;MIB1;TNKS2;TRIM24;SOS1;POLR2H;PSMD8;PSMD3;CREB1;OS9;UBC;CUX1;PPP2R1A;IHH;ERBB2;HDAC11;TBL1XR1;ZMYM2;PSMD14;NCOR2;SMAD2;CUL1;TNKS;GRB2;HDAC1;PSMA1;PSMF1;FGFR1OP2;SHC1;GSK3B;GTF2F2;TSC2;PDPK1;FOXO3;PSME4;PSMA5;CTBP1;MAML1;PSMD6;GSK3A"
"153","Metabolism Homo sapiens R-HSA-1430728",9.99999000001e-07,0.00147199852800147,0.442933080190309,1.22160652832237,0,1075,"AMN;MSMO1;HMGCS1;SQLE;FDFT1;GPX2;FABP2;INSIG1;GSTM1;NDUFS7;FDPS;NDUFA3;TTR;HK2;NT5C;PRKAR2B;UBA52;IDI1;NME1;PGLS;AOC1;HMGCR;PSMB3;DIO1;PLA2G10;PSMB8;MVK;NDUFB10;PSMA7;COX4I1;MVD;DPEP1;NDUFB9;PSMB2;CALM1;COX14;ATP5G1;NDUFB7;APRT;SLC16A1;ODC1;GSTT2;LIPG;PSMB6;PSMA3;CPT1A;BPNT1;PSMB10;SAT1;ATP5H;RFK;ST3GAL4;LDLR;GM2A;NDUFB11;APOB;NDUFA1;PSMA4;NDUFB5;CBR1;PSMD4;HSD17B7;ATP5D;NDUFC2;SULT1B1;CYB5A;PSMB5;ETHE1;ARNTL;SIN3B;PSMB1;SLC5A3;QARS;MGST2;PSME2;NDUFB8;PSMA2;NDUFA11;PDHB;SDHD;SLC25A1;ATIC;CS;IMPDH2;PCYT2;CERS6;EPRS;NDUFA13;ENO1;ALDOB;ADCY6;COX7C;MPC1;GSTM5;COX5A;COX19;OAT;COMT;CYP2S1;GSTM2;SCAP;ETFB;GUK1;SLC26A2;SGPP2;MPC2;GNB2;NR1D1;PGM2;TECR;PTGES3;CD320;NDUFAF3;NAPRT;RAN;CPT2;CLOCK;NDUFS8;CSAD;UBB;NQO1;PCK2;OXCT1;MAN2B1;PSMB4;NUDT4;PSMB9;ACP5;GLO1;PPCS;ATP5E;SLC25A10;KDSR;ACSL3;ACSL1;LCLAT1;GSR;GNG11;PPIP5K2;PDK2;MAT2A;HAO2;UQCR11;ACOT13;SLC44A4;HSD17B11;COQ7;PI4K2B;EP300;AACS;PSMA6;BLVRB;SMPD3;GNA14;SLC25A20;DDC;NDUFA8;PYCRL;SDHB;NDUFB6;PTDSS2;INPPL1;ESD;PSMB7;ACADVL;PLIN2;GALK1;ALAD;YAP1;SRM;MGAM;ELOVL5;DLAT;AGPS;CHP1;OAZ1;ISCU;FXN;HSD17B10;ABCC3;CBS;FAM213B;SLC44A1;HADHB;SULT1C2;COX6C;CYC1;SLC25A5;SORD;SP1;ADSS;LTA4H;PSMC3;TRMT112;SUCLG1;NDUFV1;B4GALT1;UQCRC1;ITPA;GPD2;PPP2CB;AGPAT1;ACLY;GNAQ;FDX1;PSME1;GALE;EBP;LYPLA1;ETFDH;PPARGC1A;BCKDK;PLCH2;PSMD13;VKORC1;GLUL;SC5D;COASY;GLB1;PCCB;HIBADH;FBP2;ACOX1;NDUFS3;COX7A2L;NDUFS5;PSMC4;MAT2B;DGAT1;CYCS;ATP5G2;INPP5J;PSMD5;GSTA3;FASN;MTMR3;B4GALT5;HS6ST1;NDUFV2;ZDHHC21;ACOT7;GLUD1;ISYNA1;G6PC3;ECHS1;ALDH2;PLCD1;AGPAT2;PTPMT1;MTMR6;PPP1CA;PIP4K2C;SDHA;UCK2;IDS;ATP5J2;DHFR;COX5B;ADIPOR2;COX18;HMGCS2;PRKAG2;PSMD8;RARS;PSMD3;DBT;SLC44A2;ALDOA;HMGCL;PNPLA6;NDUFAB1;PMVK;IP6K1;UBC;GPC4;AHCY;TPI1;UGCG;PPP2R1A;MAOB;MMAB;PLA2G16;PAPSS1;ASAH1;TST;ABCA1;PIP5K1B;AS3MT;DTYMK;ADIPOR1;PISD;GLRX;LIPH;MTHFD1;GRHPR;PRKAR2A;NUP88;TBL1XR1;NADK;N6AMT1;MAOA;IPMK;SDHC;CNDP2;WASL;CAT;PCBD1;GPX4;GSTK1;IQGAP1;PSMD14;DDHD1;SURF1;SULT2B1;PHYKPL;COQ5;NCOR2;SIN3A;SULT1A1;ARL2;RAP1A;AK2;MED19;POR;ALDH3A2;MBOAT7;FABP6;HMBS;ACOT1;PKM;INPP1;FADS2;GNG5;CERK;MED21;GGT6;LARS;NPAS2;AASDHPPT;LBR;NUP62;PTEN;PANK1;SLC35B2;NDUFB3;GSTP1;NDUFA7;COL4A3BP;TK2;SPHK2;DCXR;PPP1CC;LIPT2;ETFA;IP6K2;GPD1L;PSMA1;ACADS;NDUFS1;GART;PYCR2;DECR1;CHKA;B3GNT3;FAM96B;OAZ2;PSMF1;HK1;IDH3B;ELOVL1;DEGS1;STXBP1;CROT;SHMT1;PPARGC1B;PNPO;CPNE3;PIK3R4;NEU1;GCSH;FMO1;SMPD4;MCCC1;SMOX;MTMR7;KPNB1;GNA11;NUBP1;LDHA;NDUFS6;LIAS;ITPK1;MANBA;SLC25A13;PSME4;TAZ;STK11;SLC44A3;PSTK;SCP2;CSNK1G2;PSMA5;PGK1;IPPK;ALDH18A1;NOSTRIN;ACOT8;PLCB3;GSTT1;FHL2;MED13L;NDUFA5;NUBPL;PFKP;MED1;OPLAH;KHK;PSMD6;TM7SF2;ST3GAL6;GCDH;UMPS;PYGB;MED23;NDUFA12;ABCB7;PNPLA8;TGS1;GLS;GPX1;NME2;ST3GAL3;MED29;UCP2;NUP35;MED20;MDH1;UQCRH;ACAT1;PGM1;AMPD3;PNPLA2;SLC5A1;SYNJ1;ELOVL7;MTMR14;SREBF1;CMBL;FAU;TYMS;NAMPT;COX6B1;NDUFA6;NDST2;NDUFB4;AGPAT5;DCTPP1;ITPKC;SLC35B3;CREBBP;ATP5C1"
